,,2026年2月26日 (木曜日) 05:04:44,,
,日経1,国内REITが過去最大のホテル買収 ハイアット東京を1260億円,時事1,エレベーター閉じ込め、ケーブルが損傷 スカイツリー、２６日から再開
,日経2,NRI株「SaaSの死」は巻き添え COBOL解読、AIで加速,時事2,イランで日本人１人拘束 ＮＨＫテヘラン支局長か
,日経3,エヌビディアが26日決算発表、市場予想7割増収 OpenAIへ出資修,時事3,イランで日本人１人拘束 ＮＨＫテヘラン支局長か
,日経4,都心中古マンションで広がるワニの口 売り出しと成約に差、実需限界か,時事4,「うそはたくさん」 民主党議員多数が欠席―トランプ米大統領の一般教書
,日経5,日銀審議委員に浅田氏・佐藤氏 にじむ高市色、追加利上げ判断影響も,時事5,高市首相、カタログギフト「問題ない」 衆院議員３１５人に各３万円分―
,日経6,AI半導体、企業育成へ北海道などに拠点 政府主導で産業集積促す,時事6,詐欺容疑で不動産会社代表ら９人逮捕 高値で物件売り付け、被害７億円超
,日経7,NYダウは続伸で始まる 一時200ドル高、ソフトウエア株に見直し買い,時事7,りくりゅう、将来コーチに 「戦友」で「家族」〔ミラノ・コルティナ五輪
,日経8,米企業、相互関税停止でも「値下げせず」 中小のコスト1年で既に3倍,時事8,中国、日本企業「色分け」か 対日貿易安定化で
,日経9,イラン当局が邦人1人拘束、NHK支局長か 刑務所に移送と海外報道,時事9,「抗告棄却」に万雷の拍手 阪原さん長男「涙出てきた」―再審見直し集会
,日経10,USTR代表、世界への関税率「相互関税並みに戻す」 2026/2/2,時事10,自民・小野寺氏「早急に脱中国を」 軍民両用品輸出制限受け
,yahoo1,首相のカタログギフト 問題点は,yahoo経済1,外食業界 食品消費税ゼロに反対
,yahoo2,各地で雨 渇水は解消に向かうのか,yahoo経済1,MS日本法人に立ち入り 公取委
,yahoo3,幼稚園で賃下げ 条例案に反発の声,yahoo経済1,マツダなど3社 春闘で満額回答
,yahoo4,世界最大の「サンゴ群体」発見 豪,yahoo経済4,住みたい街 躍進の船橋に億ション
,yahoo5,嵐とドリカム来る 新幹線臨時運行,yahoo経済5,嵐とドリカム来る 新幹線臨時運行
,yahoo国際1,イラン当局NHK支局長収監か 報道,yahoo芸能1,ネルソンズ・青山 結婚を発表
,yahoo国際2,焼け焦げた街 ウ住民避難の最前線,yahoo芸能2,乃木坂46・梅澤美波 卒業を発表
,yahoo国際3,国連総会 ウの停戦求める決議採択,yahoo芸能3,超かぐや姫! なぜ熱狂生み出した
,yahoo国際4,ウ侵攻4年 実戦経験重ねる北朝鮮,yahoo芸能4,TBS社長 選挙特番の太田光に言及
,yahoo国際5,米国は黄金時代 米大統領アピール,yahoo芸能5,木村拓哉53歳 再び黄金期を築くか
,BBC,日本、台湾に近い与那国島にミサイル配備を予定 2030年度にと小泉防衛相,yahooスポーツ1,「高校の制服姿…」フィギュア中井亜美〝リアルJK〟姿に「伝説の愛ら
,BBC,ローマ法王、フランスの司祭が修道女を性奴隷にしていたと認める,yahooスポーツ2,りくりゅうは夜の生放送でも息ピッタリ！報道ステーションで木原が語っ
,BBC,英下院、アンドリュー元王子の貿易特使任命に関する政府文書の公開を支持,yahooスポーツ3,鈴木誠也＆吉田正尚、侍ジャパン合流 アイアトン氏も「JAPAN」に
,BBC,エプスティーン元被告の資料、新たに数百万点公開 何がわかったのか,yahooスポーツ4,りくりゅう将来は指導者に挑戦、木原龍一「一緒にコーチングしていきた
,BBC,トランプ氏が一般教書演説、経済を称賛しイランを威嚇 歴代最長,yahooスポーツ5,元DeNAオースティン、メジャー開幕アウト 右膝手術のため7年ぶり
,,,,
,,,,
,,,,
,,,,
,,1 国内REITが過去最大のホテル買収 ハイアット東京を1260億円 2026/2/25 17:20 ,,6 AI半導体、企業育成へ北海道などに拠点 政府主導で産業集積促す 2026/2/25 18:09 
,,2 NRI株「SaaSの死」は巻き添え COBOL解読、AIで加速 2026/2/25 17:59 ,,7 NYダウは続伸で始まる 一時200ドル高、ソフトウエア株に見直し買い 2026/2/26 0:18 
,,3 エヌビディアが26日決算発表、市場予想7割増収 OpenAIへ出資修正か 2026/2/25 15:00 ,,8 米企業、相互関税停止でも「値下げせず」 中小のコスト1年で既に3倍 2026/2/26 3:30 
,,4 都心中古マンションで広がるワニの口 売り出しと成約に差、実需限界か 2026/2/25 11:30 ,,9 イラン当局が邦人1人拘束、NHK支局長か 刑務所に移送と海外報道 2026/2/25 14:43 
,,5 日銀審議委員に浅田氏・佐藤氏 にじむ高市色、追加利上げ判断影響も 2026/2/25 13:30 ,,10 USTR代表、世界への関税率「相互関税並みに戻す」 2026/2/26 0:18 