"保存日時","キオクシア","日経平均","フジクラ","NISA","追証","オルカン","高市","弥助"
"2026-07-12 08:29:38","SNS等の言葉から子供の心を守るために - 親ができる対応とは

Yahoo! JAPAN
ヘルプ
キーワード：
林陵平

IDでもっと便利に新規取得

ログイン

超PayPay祭開催中、本日最大22％
ウェブ画像動画リアルタイムニュース
キーワードを消す
検索

ミュートしたアカウント

すべて
画像・動画
自動更新

並べ替え：
新着順

ベストポスト
メニューを開く

知人のアカウントが、ちょっと前まで穏やかな日常をポストしていたのに、ここ数日「キオクシアの次にくる銘柄を知ってる。詳細を知りたければDMを」ばかり書き込んでいるんだけど、乗っ取られたのか、単に投資にハマっているのか判断できず

浅野真澄 / あさのますみ
@masumi_asano

13
106
546
1:32
メニューを開く

来週注目の日本株 🥉銅(悪くない・出遅れ) 三菱UFJ(8306) 日本製鉄(5401) JX金属(5016) 🥈銀(かなり強い・加速) ｷｵｸｼｱ(285A) ﾘｸﾙｰﾄ(6098) 日立(6501) 🥇金(本命)⬇️

Map of Wealth
@tomslarj

3
2
5
1分前
メニューを開く

返信先:@takosensei2019
とうとう、俺もキオクシアを買ったよ。

💫🌸🌱🐼株と半額シールおじさん🔰クレカ月35万積🐢baronB0ヤっキー🏔敗者のゲーム
@BFYyf7uMolwgr52

2分前
メニューを開く

返信先:@alljon12
「個別株よりインデックス」と言いながら、キオクシアで約53倍は説得力が別次元すぎる😂 これは投資というより、未来を見ていたとしか思えない…。

azril
@azrilztg

2分前
メニューを開く

今年は本当に百万長者が量産される年になるかもしれない。宇宙経済分野への巨額資金流入 → 需要の爆発 → 株価急騰。このお金は結局どこへ流れるのか？ 1位：キオクシア(285A) 2位：三菱UFJ(8306) 3位：ディスコ(6146) 4位：古河電工(5801) 5位：東京エレクトロン（8035） 6位：ソフトバンクG（9984） pic.x.com/RvXzoU7HYE

スパ天🇯🇵日本株
@34vXttKRwcNgzfN

2分前
メニューを開く

返信先:@alljon12
個別株よりインデックスと言いつつキオクシアを買ったら、1 年足らずで 2180 万円が 11 億円超え… 夢のような上がり方ですね😲x.com/1214_2xx7/stat…

堅実配当・優待重視のサラリーマン投資家
@1214_2xx7
7分前

🌍 7/12 週末 相場見通し 日経平均：終値 69,214 円 +2.17%、69,000 円台回復 ドル円：161.64 円、小幅調整も 160–163 円レンジ内 米株・SOX 半導体：高値圏で底固め、不安心理は一掃 急落後の反発が定着、来週は 69,500 円を出来高伴って上抜けるかが焦点。定着すれば 7

めいり
@meiri_vr

4分前
メニューを開く

返信先:@alljon12
それ私が売ったキオクシアじゃないでしょうか？お名前シール貼ってないですか？

ぼんてん
@2daime_nayamu

5分前
メニューを開く

2026年最強の日本株が誕生するからだ。 あの頃のキオクシアにそっくりな、超低位株です。 現値5**円台から、最高で1万円超えも狙える可能性…… 今、静かに仕込むチャンスです！ pic.x.com/zzviAciQB9

竹藤@日本株トラッキング
@ushi_13

7分前
メニューを開く

返信先:@p_tenChar
キオクシアは今、設定Lですよ…笑

人間設定0.3（旧 勉三さん）
@jamping_catcher

7分前
メニューを開く

半導体 マイクロン サンディスク キオクシア SKハイニックス 投資家はこれしかいないのか？って位 多い

🚀ドラゴン🚀
@HARUghnvt_q

9分前
メニューを開く

今年63歳、楽天証券を退職しました。 一度だけ言うわ。 買わない理由がまったくない日本株8選 第8位：サンリオ（8136） 第7位：QDレーザ（6613） 第6位：キオクシア（285A） 第5位：JX金属（5016） 第4位：村田製作所 第3位：ジャパンディスプレイ 第2位：NTT 首位→低株価で100倍になるポテンシャル👇 pic.x.com/0AoJfZwlsB

福猫の株日記
@soubashinan

13分前
メニューを開く

返信先:@alljon12
笑いました！キオクシアの爆益おめでとうございます インデックス推しなのに個別株で大成功とは、さすが資産家ですね！

𝖐𝖎𝖚
@kiu_xo

13分前
メニューを開く

キオクシア、ホールドできない人はなんでなんだろ pic.x.com/p6IPaIwui9

さとる｜ひよっこ投資家🐥⸒⸒×育児
@RT63000603

14分前
メニューを開く

寝る前にまた 「タイムマシンがあればな…😴」 去年はメタプラ 今年はキオクシア タラレバおばけ👻に 取り憑かれる日々😇 タイムマシンは無い。 だからロット管理だけは忘れない🥲 pic.x.com/jEXUdViilB

ヨウケ | 株あるあるマンガ
@youKe_Bros_Jr

14分前
メニューを開く

気になった【まとめサイト】から！！ 【おんＪ株式投資部】キオクシアがインデックス組入れとかすげぇ嫌な予感！？ここ数年で投資やってるか否かですごい格差になった！？ rakuraku.grandjete.work/archives/58452… #自分用 #相互RSS #まとめサイト

YAS gj
@YASgj1

17分前
メニューを開く

時価総額45兆円に　キオクシア復活劇を支えたNAND戦略 eetimes.itmedia.co.jp/ee/articles/26…

NAND型フラッシュメモリ
@MuroMasa540912

18分前
メニューを開く

莫大な規模のTOPIXファンド。 リバランスで大量に買付され、それ以外の銘柄は売られることを意味する。だからキオクシアの株価にとっては一見ポジティブ。 しかし浮動株の急上昇は需給がガバガバになるので、それを上回るネガティブになるような気がする。つまり…

Tks
@seecom2023

20分前
メニューを開く

🐾 在庫 🐾 KIOXIA(キオクシア)【日本製】SDカード 512GB SDXC UHS-I Class10 読出速度100MB/s 国内正規品 メーカー保証5年 KLNEA512G 🛒 商品ページ 🛒 amazon.co.jp/dp/B0CSJYST27/… 🕒 07/12 08:08:39 確認 ✨ 詳細 #PR tokkacat.com/b0csjyst27/

特価cat
@tokka_cat

21分前
メニューを開く

インデックス激推しの40億円インフルエンサーが 今になってキオクシア大量にIPOから持ってますと報告。 なぜあんなに承認欲求の強い人が、今までテンバガーくらいの時点で報告なかったんだろ？ とか色々疑問はさておき、 株クラのヤバいとこは裏取りせずに 「うぉぉ凄いすね！」がワラワラと湧くとこ

BKLZ〜雰囲気投資家の矜持〜
@Biz_zatukora

1
2
41
22分前
メニューを開く

来週、買わない理由がまったくない日本株9選 第9位：NTT（9432） 第8位：QDレーザ（6613） 第7位：村田製作所（6981） 第6位：イビデン（4062 ） 第5位：キオクシア（285A） 第4位：ispace （9348） 第3位：東京エレクトロン 第2位：ジャパンディスプレイ 首位→低株価で30倍になるポテンシャル👇 pic.x.com/5cjb3QBAtd

日本株の投資日誌
@deitrekabu

23分前
メニューを開く

返信先:@Parupunteee_104
おはようございます🐲 日経平均、年始来から36%も上げるなんて、まるでノルウェーのハーランド選手レベルですね。意外なのは、日経をけん引していると言ってと過言ではないキオクシアは、年始来高値から30%下落。どうなっているだろう😅

アメクマ（AME）🐲
@Masa1009tw1

25分前
メニューを開く

返信先:@MU808182
世はすっかりキオクシア祭り ビットコインが復活してほしいです

kuni
@koo1209jp

25分前
メニューを開く

与沢翼氏がリップルを1億3000万円分？買って、それだけでも20倍になって、それを元にドバイで45億円かけて不動産を40個買ったってスケールの話を知った後に 無職マサニー氏(総資産60億円)はキオクシア株を2182万円で15000株(1455円/株で取得)保有中を公開 含み益は現時点で+11億円以上 加速の話

K Power Unit 株式投資
@KPUX_KANA

26分前
メニューを開く

おはようございます🌤️ サッカー観てます 私はマラドーナしか分かりません😅 対戦よろしくお願いします🙇‍♂️ #任天堂 #キオクシア #株クラ

地獄猫@高配当×割安株の含み損マン
@artelife8

27分前
メニューを開く

返信先:@alljon12
キオクシア2182万が11億超えとか、インデックス派の建前どこ行ったんですかw　お互いいい銘柄情報あったら共有しましょ

Windy | Memecoin
@windy_memecoin

27分前
メニューを開く

トランプ爺さん困ったもんだ😅 >> キオクシア フジクラ ソフトバンクG さと島 ハーランド ガス人間 大谷翔平 佐藤二朗　 成田悠輔 椎名林檎 M!LK 橋本愛 三笘薫 今田美桜 中田敦彦 溝口裕二 トイストーリ5 ドジャース 風薫る ラストノート 高市総理中村敬斗 ミセス イスラエル イラン x.com/yokohamaebio/s…

yoko桜🌸FIRE→資産管理会社経営1期目
@yokohamaebio
38分前

トランプ大統領も困ったもんだな… 米国とイスラエルによるイランへの攻撃は、世界的なエネルギーの供給不安と価格高騰を招きました。

ベイのサンジ
@bay19931031

27分前
メニューを開く

返信先:@_______KAGAMI他2人
俺は国民健康保険で給料は誰からも貰ってないですよん 千葉で後輩と車屋やってます あとキオクシアが2万円台で買って当たりました✨

杉田勇人🇯🇵日常つぶやきアカウント3rd
@Sugita0225

28分前
メニューを開く

キオクシアへ3兆円の買い報道 x.com/zabon59/status…

プール
@ZABON59
昨日 23:32

本日の日経新聞朝刊　スクランブル　キオクシア株、反転の足音　TOPICS構成比率大幅上げ　「約3兆円の買いフローが発生する」···誰か　割り算してくれないかな　#キオクシア

3215
@15_3240825

28分前
メニューを開く

返信先:@alljon12
やっぱりキオクシアかー。天才すぎて言葉もでないあちゃー

牛の赤身肉
@usiakami29

29分前
メニューを開く

【買わない理由がない日本株5選】 5位三菱UFJ 4位フジクラ 3位村田製作所 2位JDI そして1位は…7月上場（？）の最強株！NTT×KDDI×富士通が絡む、あの頃のキオクシアに激似の超低位株です。 大化け期待の銘柄情報を最速で発信中。見逃したくない方はフォローどうぞ！ pic.x.com/2abNEa5OVL

日本株の田中
@Askk4m8k3

29分前
メニューを開く

今週の日経平均、振り返り 月：-254円（韓国KOSPI波及・バリュー株で回復） 火：-1,052円（トランプ関税警戒・一時-1,700円超） 水：前場急落→後場キオクシア急騰で反発 木：+1,280円（関税懸念が一服） 金：+1,060円（SKハイニックス好決算・AIラリー再点火） 今週のスコア（10点満点） ・ChatGPT

fot
@fotrrus

30分前
メニューを開く

返信先:@earlyfield2023
キオクシアは現在4株の保有ですが自分のPF的にはこの程度がちょうど良いかもしれません。これ以上増やすとキオクシアに振り回されるPFになってしまいそうです笑

ちりつも二等兵（高配当・ｲﾝﾃﾞｯｸｽ・FX・金・不動産CF）
@ChiritumoFX

31分前
メニューを開く

返信先:@bonjour825
あの日あの時あの値段でキオクシア売らなかったら…（わたしは記憶にないけど今の1/10の価格でMU売ってました歯軋りしかない）

ビッキ
@bikkymore2

31分前
メニューを開く

佐田志保vsキオクシアって😂 めちゃくちゃおもしろかった

デカピヨ
@piyokatu2500

32分前
メニューを開く

返信先:@Takenokko_0406
のっこちゃん、ありがとう😊 最近ガーデニング熱は低いので、ずっと植えてる紫陽花やクリスマスローズくらいなんだけどね それでも雑草の勢いすごい😇 キオクシア激しかったわ🚢

麦ちゃん@日米株修行中
@mugi_beikabu

32分前
メニューを開く

これだけの大型上場なら、一定の預入のある顧客には営業からの割当てもありますよね？ 当時公募割れのリスクがあると言われていて、実際に公募価格下回りましたし。 #キオクシア x.com/alljon12/statu…

マサニー@資産40億円ニート
@alljon12
21:39

暴露します。 「個別株よりインデックス」とか言ってるくせに、キオクシアも15,000株買ってました。 購入時の時価‥2182万円 現在の時価‥ 11億6790万円 ごめんなさい。 x.com/alljon12/statu…

みんなのごーやん😈
@MinnaNoGoyan

32分前
メニューを開く

これえぐいな！キオクシアで稼いで突然一気に下がっても次の年の社会保険上げそうだよな

らん
@n2ftn

33分前
メニューを開く

1/2 アドバンテスト（6857）とかキオクシア見てたら俺の低位株が霞むわ。数年後あの時買っときゃ…ってなるやつ多すぎ。俺もNISAで少し分散するか迷う

NISA中毒タカ
@ryotacarlife

35分前
メニューを開く

返信先:@investment_rei
世界の投資家達は、あまりにも下がったんで安いとみて買い戻しするらしい、15日オランダ半導体16日は台湾決算発表有、キオクシア株は連動する、目標株価113000円だ、、多少上下しても上昇と見る｡

中村啓
@a86lfkuvUI26899

35分前
メニューを開く

ベインがキオクシア株を売却！ その巨大な売却資金はどこに向かうのか❓ 個人的にすごい気になってます。 ベインが売却に動いた。 これからは、単に「半導体銘柄」だけでは買われなくなる。 半導体→AI共生社会 ここにテーマが移ると予想。

たなか課長 | デイトレーダー兼グロース投資家
@rep_salaryman

36分前
メニューを開く

✨キオクシア株価高騰理由✨ 生成AI需要の爆発的拡大（最大要因）生成AIの普及でデータセンター向けNANDフラッシュメモリ・SSDの需要が急増💪 データの「保存・記憶」部分を担うNANDがボトルネックになっており、2026年分の生産枠が「完売」状態になるほど売り手市場😉いつまで続くのか🤔

配当サラリーマン
@sukidesu_haitou

36分前

もっと見る

キオクシアのポスト数グラフ

6時間
24時間
7日
30日

2,920件のポスト

ポスト数の推移

22:00
16:00
10:00
4:00
2:30

98件

感情の割合

ポジティブ
40%
ネガティブ

60%
トレンド
23:27更新
1

スポーツ

ベリンガム
ノルウェーイングランド
ベリンガムとハーランド
スリーライオンズ
2点目
追いついた
マドリー
ドルトムント
個の力
2

ITビジネス

ノーゴール
ファール
ゴール取り消し
ファウル
VAR
セットプレー
コーナーキック
取り消された
プッシング
取り消し
ファール判定
得点取り消し
イングランド寄り
ファウルだった
マリーシア
押し倒した
ゴールキック
押してる
ブリカス
シュミレーション
プッシュ
3

ノルウェー先制
シェルデルップ
イングランドから
シュート
4

ITビジネス

ノーファール
ファール
5

スポーツ

オフサイドか
オフサイド
オフサイ
6

ノーファウル
7

セルロート
スルロット
ハーランドにパス
8

ITビジネス

ノルウェーvsイングランド
ノルウェーイングランド
ウーデゴール
ハーランドだけ
ハーランド以外
イングランド寄り
足止まってる
イングランドサポ
戦術ハーランド
オープンな展開
得点の匂い
PK戦まで
イングランド優勝
ノルウェー優勝
ボール支配率
佐藤寿人
バックパス
ついに逆転
ええ試合
倒れてた
ジャイアントキリング
9

スポーツ

イングランド勝ち越し
イングランド逆転
べリンガム
2点目
イングランド人
オープンな展開
こぼれ球
得点の匂い
イングランド優勝
93分
勝ち越し
ついに逆転
さすがやな
リヴァプール
10

ニュース

ゴラッソ
シェルデルップ
ノルウェーイングランド
イングランドから
スーパーゴール
ベンフィカ
シュート
ライブ配信中
個の力
ジャイアントキリング
リヴァプール
20位まで見る
人気ポスト
1年以上前経ってもこの写真の謎は解明出来なかった解析済みの方がいたら教えて欲しい
いいね数
4,604
←アカチャンホンポのママ達 トイザらスのサキュバス→
いいね数
569
俺が「めっちゃカメレオン」を買わなくてもいい理由これ
いいね数
3,556
ローソン様へ 一言よろしいでしょうか。 どうしてこの様な商品を置かれるのですか？これを開発された方はどちら様でしょうか？謝ってほしいです。 もう、ラーメン屋に行けないじゃないですか😋ご馳走様でした今月３回目 #スープ激うま特濃豚骨ラーメン #直火焼きバラチャーシュー #トッピング
いいね数
11,200
これが女児育児だ！
いいね数
19,413
誰だこれ書いた人wwwww
いいね数
1,965
ミセスのコメ欄、たまにめっちゃ面白い人いるから好きw
いいね数
3,329
自慢じゃないけど子供のこういうのでイライラしたことないわ。「熱くない？平気？着替えよう」って淡々と言う。この親がイライラして「誰が洗うと思ってんの？」とか言う方が異常に感じる。こういうイライラ体質の人と、イライラしない体質の人との間には、大きな大きな川がある気がした。
いいね数
3,884
池袋では連日排泄物が落ちていて騒ぎになっているわけだが、西日暮里では味のり
いいね数
3,534
ペットカメラを覗いたら、ｶｰﾁｬﾝにネコハラ中のねこが、寿司桶の中のちらし寿司のようにうちわで扇がれていた
いいね数
8,072
電車遅延（在来線、私鉄、地下鉄）
北海道
東北
関東
中部
近畿
中国
四国
九州

遅延している路線はありません

全国の運行情報（Yahoo!路線情報）
SNSのバズまとめ
0:15
ドッキリGP、亀梨和也がマッサマンと初対決＋スパイダーマンコラボで話題沸騰

283件のポスト

0
ラミン・ヤマル、驚異のドリブルでスペインの先制ゴールを創出　ワールドカップ2026で話題沸騰

334件のポスト

0
エイトジャムフェス開幕、暑さ対策呼びかけにファン歓喜と熱狂

210件のポスト

0
「アニソン歌手」業界の厳しさ、タイアップ減少とフェス来場者減で話題に

33件のポスト

0
「無職転生Ⅲ」第3・4話先行上映、声優登場でファン歓喜「最高でした」

35件のポスト

0:54
橋本真也命日21年、ファンが「爆勝宣言」で熱い追悼の声がSNS上に広がる

21件のポスト

0
「さわやか自然百景」釧路湿原特集に視聴者歓喜「キタサンショウウオが可愛い」

47件のポスト

0
X、iOSで画像表示をカルーセル化　「見づらい」声も「やっと見やすく」も

29件のポスト

0
福島競馬場でシャンデルナゴルが障害オープン制覇、ファン歓喜の声続出

79件のポスト

0
「カラペルソナ」本命騎出しで小倉7Rが熱狂　「まだ諦めてませんよ」など声が続く

76件のポスト

SNSのバズまとめ一覧

ミュートしたアカウントプライバシーポリシープライバシーセンター利用規約広告について検索サービス一覧ヘルプ・お問い合わせ

ランキング情報のAPI提供X（旧Twitter）データについて

Copyright (C) 2026 LY Corporation. All Rights Reserved.

4:00","【緊急支援】ベネズエラ地震 緊急支援募金にご協力ください

Yahoo! JAPAN
ヘルプ
キーワード：
ベッカム ケイン

IDでもっと便利に新規取得

ログイン

超PayPay祭開催中、本日最大22％
ウェブ画像動画リアルタイムニュース
キーワードを消す
検索

ミュートしたアカウント

#ドル円
#世界株
#相場分析
#資産運用
#日本株
すべて
画像・動画
自動更新

並べ替え：
新着順

ベストポスト
メニューを開く

株歴25年の元アナリストです。月収2000万超えました。 NISAで日経平均やオルカン積立してる皆さんへ 今、日本株が本気で爆発します。 AI・半導体・防衛関連の特定銘柄に機関資金が殺到中。 次の10倍株を掴みたい人は今すぐチェック👇 pic.x.com/aKcxBhv7ys

黒猫の相場観
@kurokawa_fx3

10
29
104
9:09
メニューを開く

海外勢 今回 海外勢 +3662億円 個人 ▲6368億円 「海外勢が押し目を拾い始めた」という見方もできます。 現在のように日経平均が高値圏にある局面では、現金比率を確保 買い価格を事前に決める 下落時に機械的に実行する という運用が、感情に左右されにくく、有効な戦略になると考えます。

みい太
@hiro12501

2分前
メニューを開く

おはようございます！ 今週は強い／弱いがハッキリ分かれた一週間でした。 ☑️ 今週の主要指数（週間） ・S&P500 +1.2% → 史上最高値まであと0.45% ・NASDAQ 週間プラス → ハイテク主導で底打ち ・ダウ 週間プラス ・ラッセル2000 小幅マイナス → 大型株一強 ・日経平均 -1.7% →

神谷拓｜KABU-ACA代表（投資歴20年）
@taku_kabukabu

3分前
メニューを開く

[2026/7/12]今週の日経平均の見通し yslab.blogspot.com ⑤7月1週は買い越しで7月2週は売り越しだった可能性が高く、今週は買い越しが予想されます。先週は、5つのポイントのうち、⑤が弱気材料でした。

YSL
@win_win_117

4分前
メニューを開く

[2026/7/12]今週の日経平均の見通し yslab.blogspot.com ④OECDの日米の2026年の名目GDP伸び率は、日本が+2.9%で、米国は+5.8%と予想されていますので、この面では日本市場の方が2.9ポイント劣ります。

YSL
@win_win_117

4分前
メニューを開く

[2026/7/12]今週の日経平均の見通し yslab.blogspot.com ③米国の長期金利は上昇し、日米間の金利差は1.71から1.84と拡大し、ドル円は161円台から162台で、円安方向に推移しました。ドル・インデックスは週間で+0.09%上昇しました。

YSL
@win_win_117

4分前
メニューを開く

[2026/7/12]今週の日経平均の見通し yslab.blogspot.com ②決算の発表の結果、日経225採用銘柄のROE予想値は+10.6%となりました。3ヶ月前に比べて+1.7%ポイント改善しています。利益伸び率は+12.2%となりました。3ヶ月前に比べて+13.5%ポイント改善しています。

YSL
@win_win_117

5分前
メニューを開く

44%。 市場は2026年末の日経平均が55,000円未満になる確率を44%と織り込んでる。 55,000〜60,000円に収まる確率も43%。 つまり「現状維持か下」を大半が見とる。 新NISAで積み立ててる人、この数字は気になるんちゃうか。 出典: Polymarket pic.x.com/Wyp6Sm0xmZ

aha.｜予測市場メディア
@ahamarkets

5分前
メニューを開く

[2026/7/12]今週の日経平均の見通し yslab.blogspot.com ①先週のNYDowの週足は陰線。日足は200日線の上に在り、一目均衡表の雲の上に在ります。NASDAQの週足は陽線となりました。日足は200日線の上に在り、一目均衡表の雲の上に在ります。今週は、NYDowが25日線の上を維持できるか否かに注目。

YSL
@win_win_117

5分前
メニューを開く

[2026/7/12]今週の日経平均の見通し yslab.blogspot.com [日経平均上昇の条件] ①米国市場の上昇 ②従来以上の今期の予想増益率のUP ③日米の金利差の拡大による一段の円安 ④OECDによる日本の2026年GDP予測値（現在+2.9%）の上方修正 ⑤外人の買い越し

YSL
@win_win_117

6分前
メニューを開く

金曜の日経平均は＋813円。それでも週間では－1.70％。 資金は半導体から防衛・海運へ逃れ、週後半は再び値がさ株へ。10年金利も2.9％から2.7％台へ急低下しました。 5日間の「見えざる手」を週報でつなぎました。 note.com/h3m_ci8thwonde…

💗うえお
@H3M_CI8thWonder

7分前
メニューを開く

🌍 7/12 週末 相場見通し 日経平均：終値 69,214 円 +2.17%、69,000 円台回復 ドル円：161.64 円、小幅調整も 160–163 円レンジ内 米株・SOX 半導体：高値圏で底固め、不安心理は一掃 急落後の反発が定着、来週は 69,500 円を出来高伴って上抜けるかが焦点。定着すれば 7 pic.x.com/wkuc8cE2Z3

堅実配当・優待重視のサラリーマン投資家
@1214_2xx7

1
1
7分前
メニューを開く

【日経平均は下降トレンド発生に警戒､今後の値動きは？】 shikiho.toyokeizai.net/news/0/951236 先週の日経平均株価は週末2日間で1700円超上昇した一方、下降トレンド発生が警戒される状況となっています。では今週の値動きは？　チャートの達人が解説します。 shikiho.toyokeizai.net/news/0/951236?…

会社四季報📚創刊90周年🎉夏号6/17(水)発売📘
@shikihojp

13分前
メニューを開く

食料品の値上げに続いて、『時間差インフレ』として産業資材価格高騰！ インフレの波は止まらない！ ↓ なので今後も海外勢が株を買い日経平均は上昇するしかない！ pic.x.com/9W5Cve2nJr

DAIBAKUTO
@daibakuto

17分前
メニューを開く

理想 日経平均813円高 現実 中国家計が借金止めた グラフは後で作る。 pic.x.com/rl4YuSLoLi

ゆかりの統計小屋
@yukaridatajp

21分前
メニューを開く

日経平均株価は2週ぶり下落で6万8000円台。太陽誘電などAI株が足を引っ張りました。割高感の和らぎといった好材料もありますが、AI株にはTSMCの業績発表などで急落が続く可能性もあります。 #日経平均株価 日経平均、AI株の急落加速も　週次1186円下落　週明けに重要発表続々 ig.com/jp/news-and-tr…

小雲規生@IG
@Norio_IG

21分前
メニューを開く

「GPIF発言」で市場が動いた1日 10日、片山財務相の 「家計やGPIFの国内投資を後押し」発言をきっかけに ・円相場:1時間で1円近く円高 ・日経平均:株高に反応 ・長期金利:低下 たった一言の発言で、為替・株・金利が 同時に動く。それだけ市場は 政策の""匂わせ""に敏感ということです。 #GPIF

ポイ亀@ポイ活×投資｜資産1,000万
@poikame100

22分前
メニューを開く

[2026/7/12]今週の日経平均の見通し yslab.blogspot.com 先週の米国市場では、中東情勢を巡る懸念と原油高が悪材料。SKハイニックスの上場が好材料となりAI・半導体銘柄を買い直す動きも出て、株価指数は週間ではまちまちの動き。 週間変動率　NYダウ:-0.50%, NASDAQ:+1.74%, S&P500:+1.23%

YSL
@win_win_117

23分前
メニューを開く

返信先:@Parupunteee_104
おはようございます🐲 日経平均、年始来から36%も上げるなんて、まるでノルウェーのハーランド選手レベルですね。意外なのは、日経をけん引していると言ってと過言ではないキオクシアは、年始来高値から30%下落。どうなっているだろう😅

アメクマ（AME）🐲
@Masa1009tw1

25分前
メニューを開く

日経平均株価の値幅観測 73,761.2→65422.1→82100.3　new! 先週は下値を掘りましたので、再度計測。 82,000＋2～5％あたりを目処として、 出口を組み立てます。 #日経平均株価

よみ人知らず
@w6aKLltblfS2Qxs

26分前
メニューを開く

要するに、全東信の破産は業界に不安を広げ、日経平均も堅調だが影響を受けないわけではない。詳しくはこちら news.yahoo.co.jp/pickup/6587556…

わーお( ö )
@yowakiman

30分前
メニューを開く

オルカンで　寝て待つはずが　目が冴える #投資 #川柳 #投資川柳 #割安株 #株底アラート #日経平均 #底値 #反転

kabuzo
@kabuzo1

30分前
メニューを開く

今週の日経平均、振り返り 月：-254円（韓国KOSPI波及・バリュー株で回復） 火：-1,052円（トランプ関税警戒・一時-1,700円超） 水：前場急落→後場キオクシア急騰で反発 木：+1,280円（関税懸念が一服） 金：+1,060円（SKハイニックス好決算・AIラリー再点火） 今週のスコア（10点満点） ・ChatGPT

fot
@fotrrus

30分前
メニューを開く

今週のCFDポジション状況 　　　　　平均約定 日経平均　65,682.7L→SL後、新規 TOPIX　　 なし NASDAQ　29,355.2L→変わらず 香港　　　なし 金　　　　なし 銀　　　　なし 原油　　　なし 65,400～70,500と週の値幅は、5,000程😎 日経　SL後に新規ロング TOPIX　なし NASDAQ　変わらず #CFD

よみ人知らず
@w6aKLltblfS2Qxs

30分前
メニューを開く

返信先:@TotoInvestor
日経平均じゃなくて、TOPIXなんですか？ 何となくよく話題に上がってるからその枠は日経平均なのかと思ってました！

インベスコ太郎
@toushitarou2026

32分前
メニューを開く

日経平均が初めて70千円を超えました x.com/hukeiro114514/…

自由
@hukeiro114514
9:45

高市が総理大臣になってから、我々国民になんか良い事あった？

hoya🇯🇵🇺🇦＠コロナワクチン9回接種済
@hoya_public

38分前
メニューを開く

短期的なメモ キオクシア、東京エレクトロン、アドバンテスト、ファーストリテイリング 、イビデン 200万〜900万くらい？で売買できる。 古川電工やソフトバンクグループは分割したし100万あればいい。 JPXは日経平均が下がってから買っとく。 商社は気分 海運も気分 後は気分…

magi i
@magii368140

42分前
メニューを開く

ソフトバンクが終わるということは、日経平均株価にも影響があるということですね。 ただ、企業間の法廷闘争はよくあることではあるので終わりのフラグと捉えるには尚早。 x.com/gihuboy/status…

岐阜暴威ZZ
@gihuboy
5:04

ソフトバンクおわったの、、、 x.com/47news_officia…

quantlens
@quantlens_ai

42分前
メニューを開く

返信先:@takahashihaken
日経平均

教授になりたい
@Leverage_chunen

43分前
メニューを開く

日曜の朝。 今週の日経平均、 週間で1,186円下落した。 でも3月末の安値から見たら まだ18,000円上にいる。 「今週下がった」より 「3ヶ月で18,000円上がった」 どちらを見るかで 気持ちが全然変わる。 積立を続けた人が 一番この景色を楽しめてる。 コーヒー飲みながら 考えてる日曜の朝

ゆう@SBI証券でNISA始めた会社員
@Totoro6638

43分前
メニューを開く

原油高はどこまで続くのか？ 中東情勢緊迫、中国資源規制、日経平均7万円目前。 今後の相場を左右する重要ニュース5選👇 note.com/mens_slution/n… #原油価格 #日経平均 #投資 #NISA #AI #半導体 #中国経済 #ニュース #ニュース解説 #世界情勢

深掘りニュース編集部
@fukabori_news24

44分前
メニューを開く

【新NISA】日経平均、TOPIX等1週間7/6(月)~10(金)を保有銘柄で振り返り｜humina20 @humina20 #お金について考える note.com/humina20/n/na9…

ボンコツ@小銭を大切に
@humina20

46分前
メニューを開く

あり得ない！なぜそんな事になるのか··· 知り合いの人達がファミコンの話をファミレスでしていた。1人は月風魔伝の話を1人は源平討魔伝を話してる、話が噛合う理屈がわからん違うゲーム似て非なるモノ。 世も末ってやつだなこりゃ #日経平均 #XAUUSD

ギルデッド カジノ
@mgkupi

50分前
メニューを開く

【Amazon】プライムデーSALE実施中！ 7/13(月)23:59まで 配送料無料あり 30日間返品送料0円 「日経平均10万円」時代に備えろ (日経ビジネス人文庫) -- ▼在庫がなくなる前に amazon.co.jp/dp/4296126741?… -- #PR

email23さん
@email238281984

57分前
メニューを開く

7月10日は米半導体株の高騰の影響で、日本の半導体関連の買い戻しで日経平均が反発。ただ、値下がり銘柄の方が多く、上げを作ったのは一部の主力株でした。中東情勢が再び不透明でも株が大きく上がるのは、相場がまだ極端に強気な証拠です。今後は韓国KOSPI連動と主役株の値動きを注視したいところ。 pic.x.com/ux0lo3utV7

Mr.不動(不動修太郎)
@syutaro_fudo

57分前
メニューを開く

返信先:@mansaku_ikedo
？2011年10月31日に為替は一時75円32銭という超円高でした。そして、その日 8兆722億円の円売介入。日経平均株価の終値は8,988円39銭です。その時と比べ現在の日経平均は如何でしょうか？為替は如何でしょうか？デフレ脱却は如何でしょうか？

令和の2・26
@nucfe3HLO66rWtL

60分前
メニューを開く

皆さん、おはようございます！ 米国株・中国株のブログ更新しました。 よしぞうの投資生活 「日経平均への投資は半年のつもりだったが、さてどうしようか」 ↓↓画像をクリックするとブログにいきます↓↓ yosizou.com/investing-in-t…

よしぞう
@yosizoudesu

60分前
メニューを開く

日経平均少し持ち直したな。仕事の合間に確認したらホッとした。NISAの積立分も順調でよかった。

たかし@資産運用
@takashinisq2lh

22:28
メニューを開く

MMA Weekly Report 日経平均株価｜投資日報社 @toushinippou note.com/toushinippou/n…

株式会社 投資日報社　『フォーキャスト2026』発売中！！
@toushinippou

22:20
メニューを開く

日経先物69360、ドル円161.7。毎回25日移動を割れてくれば、今回こそ、もうダメだと考えてしまう。これがあかんな。日経平均株価は半導体株指数で振らされる。半導体がもうダメなら指数もダメだね。中小企業倒産増加の一途。25日移動の1000円高で引けた。 x.com/masaakiin/stat…

夜明前 yoakemae
@masaakiin
昨日 1:28

日経先物69120、ドル円161.85。今日のCMEの安値68620、25日移動が安値。小動きだね。毎日1000円、2000円平気で動くからね。難しい相場だ。高市が通貨安政策をやめれば、金利も下がる。元々長期金利の理論値2.7とツイしていたね。2.81まで下がった。財政悪化も止まる。 x.com/masaakiin/stat…

夜明前 yoakemae
@masaakiin

22:19
メニューを開く

おはようございます☁️ 本日もよろしくお願いいたします✨ #週足コメント 為替　株 #ドル円　 反発　上ヒゲ陽線　高値更新なるか下値切り下げるか注目 #ユーロドル 反落　安値圏継続 #ユーロ円 中期レンジ継続 #日経平均　 反落　上値、下値共に切り下げ #ニューヨークダウ 高値圏維持 pic.x.com/WjMfpDwlyu

akiopro3　(アキオ)
@akiopro3

22:11

もっと見る

日経平均のポスト数グラフ

6時間
24時間
7日
30日

957件のポスト

ポスト数の推移

22:00
16:00
10:00
4:00
11:15

31件

感情の割合

ポジティブ
51%
ネガティブ

49%
トレンド
23:29更新
1

スポーツ

ベリンガム
ノルウェーイングランド
ベリンガムとハーランド
スリーライオンズ
2点目
追いついた
マドリー
ドルトムント
個の力
2

ノルウェー先制
シェルデルップ
イングランドから
シュート
3

ITビジネス

ノーゴール
ゴール取り消し
ファール
VAR
ファウル
コーナーキック
セットプレー
取り消された
プッシング
得点取り消し
ファール判定
イングランド寄り
取り消し
ファウルだった
マリーシア
押し倒した
ゴールキック
押してる
ブリカス
シュミレーション
プッシュ
4

ITビジネス

ノーファール
ファール
5

ノーファウル
6

セルロート
スルロット
ハーランドにパス
7

ITビジネス

ノルウェーvsイングランド
ノルウェーイングランド
ウーデゴール
ハーランドだけ
ハーランド以外
イングランド寄り
足止まってる
イングランドサポ
戦術ハーランド
オープンな展開
イングランド優勝
得点の匂い
PK戦まで
ボール支配率
バックパス
ノルウェー優勝
佐藤寿人
ええ試合
ついに逆転
倒れてた
ジャイアントキリング
8

ITビジネス

オフサイド
9

スポーツ

イングランド勝ち越し
イングランド逆転
べリンガム
2点目
オープンな展開
イングランド人
イングランド優勝
こぼれ球
得点の匂い
93分
勝ち越し
ついに逆転
さすがやな
リヴァプール
10

ニュース

ゴラッソ
シェルデルップ
ノルウェーイングランド
イングランドから
スーパーゴール
イングランド ノルウェー
ベンフィカ
シュート
ライブ配信中
個の力
ジャイアントキリング
リヴァプール
20位まで見る
人気ポスト
1年以上前経ってもこの写真の謎は解明出来なかった解析済みの方がいたら教えて欲しい
いいね数
4,604
←アカチャンホンポのママ達 トイザらスのサキュバス→
いいね数
569
俺が「めっちゃカメレオン」を買わなくてもいい理由これ
いいね数
3,556
ローソン様へ 一言よろしいでしょうか。 どうしてこの様な商品を置かれるのですか？これを開発された方はどちら様でしょうか？謝ってほしいです。 もう、ラーメン屋に行けないじゃないですか😋ご馳走様でした今月３回目 #スープ激うま特濃豚骨ラーメン #直火焼きバラチャーシュー #トッピング
いいね数
11,200
これが女児育児だ！
いいね数
19,413
誰だこれ書いた人wwwww
いいね数
1,965
ミセスのコメ欄、たまにめっちゃ面白い人いるから好きw
いいね数
3,329
自慢じゃないけど子供のこういうのでイライラしたことないわ。「熱くない？平気？着替えよう」って淡々と言う。この親がイライラして「誰が洗うと思ってんの？」とか言う方が異常に感じる。こういうイライラ体質の人と、イライラしない体質の人との間には、大きな大きな川がある気がした。
いいね数
3,884
池袋では連日排泄物が落ちていて騒ぎになっているわけだが、西日暮里では味のり
いいね数
3,534
ペットカメラを覗いたら、ｶｰﾁｬﾝにネコハラ中のねこが、寿司桶の中のちらし寿司のようにうちわで扇がれていた
いいね数
8,072
電車遅延（在来線、私鉄、地下鉄）
北海道
東北
関東
中部
近畿
中国
四国
九州

遅延している路線はありません

全国の運行情報（Yahoo!路線情報）
SNSのバズまとめ
0
「原稿合宿」への憧れが広がる、温泉と作業を楽しむ声が多数続出

117件のポスト

0
京王アリーナでNCT WISHファンミ開催、外は猛暑でも会場内は涼しく快適とファン歓喜

41件のポスト

0
逢田珠里依、夏祭り恋慕うで8連コールが炸裂！ファン歓喜の声続出

197件のポスト

0:33
STARDOM in FUJI 2026ライブ配信が話題に、コグマと林下詩美の強制クマにファン歓喜

258件のポスト

0
巨人救援ライデル、158km/h速球でセーブ連発にファン歓喜

277件のポスト

1:00
UNLIMIT、初のApex世界王者に！ファンが「涙止まらん」歓喜の嵐

766件のポスト

0
「真珠記念日」7月11日、御木本幸吉夫妻の世界初養殖真珠成功を祝う声が広がる

29件のポスト

0
ガストンが出るかも？スパリク新キャラ予想でファン熱狂が止まらない

344件のポスト

1:49
涌井秀章、バンテリンドームで22年連続勝利狙い　ファン熱狂の声「絶対勝つ」期待高まる

180件のポスト

0
ランティス祭り2019、長い休憩と酒持ち込みで賛否分かれるが話題に

46件のポスト

SNSのバズまとめ一覧

ミュートしたアカウントプライバシーポリシープライバシーセンター利用規約広告について検索サービス一覧ヘルプ・お問い合わせ

ランキング情報のAPI提供X（旧Twitter）データについて

Copyright (C) 2026 LY Corporation. All Rights Reserved.

4:00","LINEヤフー基金20年の歩みとこれから

Yahoo! JAPAN
ヘルプ
キーワード：
イングランド代表 スタメン発表

IDでもっと便利に新規取得

ログイン

超PayPay祭開催中、本日最大22％
ウェブ画像動画リアルタイムニュース
キーワードを消す
検索

ミュートしたアカウント

すべて
画像・動画
自動更新

並べ替え：
新着順

ベストポスト
メニューを開く

フジクラ（5803）、来週が勝負か👊 今週は利益確定売りもありましたが、終値は5,219円（前日比+281円、+5.69%）まで上昇。 出来高も約3,720万株と資金流入は依然活発。 AI・データセンター関連の本命として注目は変わりません。 来週はさらに上値を試す展開にも期待しています。↓ pic.x.com/JhMfQ7NMda

まーさん投資する
@wa_ni_11

17
186
188
5:13
メニューを開く

返信先:@Masa1009tw1
フジクラもなかなかの下落ですね。。😓

うな＠コツコツ投資ライフ🌈
@okaneuna

8分前
メニューを開く

SPEEDER NX VIOLET 60…これもS 色違い集めたい 【中古】 コブラスリーブ付き(DARKSPEED系) フジクラドライバー用 シャ jp.mercari.com/shops/product/…

九蓮
@kurenasahihhzq

22分前
メニューを開く

トランプ爺さん困ったもんだ😅 >> キオクシア フジクラ ソフトバンクG さと島 ハーランド ガス人間 大谷翔平 佐藤二朗　 成田悠輔 椎名林檎 M!LK 橋本愛 三笘薫 今田美桜 中田敦彦 溝口裕二 トイストーリ5 ドジャース 風薫る ラストノート 高市総理中村敬斗 ミセス イスラエル イラン x.com/yokohamaebio/s…

yoko桜🌸FIRE→資産管理会社経営1期目
@yokohamaebio
39分前

トランプ大統領も困ったもんだな… 米国とイスラエルによるイランへの攻撃は、世界的なエネルギーの供給不安と価格高騰を招きました。

ベイのサンジ
@bay19931031

27分前
メニューを開く

【買わない理由がない日本株5選】 5位三菱UFJ 4位フジクラ 3位村田製作所 2位JDI そして1位は…7月上場（？）の最強株！NTT×KDDI×富士通が絡む、あの頃のキオクシアに激似の超低位株です。 大化け期待の銘柄情報を最速で発信中。見逃したくない方はフォローどうぞ！ pic.x.com/2abNEa5OVL

日本株の田中
@Askk4m8k3

29分前
メニューを開く

今年はマジで「億り人量産年」になるかも 日本株で最後に勝つのはこの領域だと思ってる。 📀.メモリ：キオクシア 🌌.宇宙：アストロスケールHD 📡.光通信：フジクラ／古河電工 🛰️.衛星：NEC 🏦.銀行：三菱UFJ 🛡️.防衛：三菱重工 💡.光半導体：QDレーザ 🧪.材料：信越化学 🥇 金賞👇 pic.x.com/qDhImhG1Fh

🇯🇵日本株戦略
@kabubunseki

43分前
メニューを開く

毎日、約4,000銘柄をAIが監視。 「買い候補だけ」ではありません。 踏み上げ、売り枯れ、資金流入、VWAP乖離、出来高異常など、 相場で起きている変化を毎日12カテゴリで可視化。 キオクシア、ソフトバンク、フジクラ、アドバンテスト・・・動向も ✅ 踏み上げ予兆 ✅ 出来高異常初動 ✅ pic.x.com/4zM5uw9sCF

INST_FLOW Japan
@INST_FLOWJefp8

44分前
メニューを開く

VENTUSシャフト。ミニドライバー用か。 テーラーメイドFujikura ブラックVENTUS 5-S ミニドライバー用 jp.mercari.com/item/m78742746…

ユウスケ
@yusukeclubjp

22:16
メニューを開く

【買わない理由がない日本株5選】 5位三菱UFJ 4位フジクラ 3位村田製作所 2位JDI そして1位は…7月上場（？）の最強株！NTT×KDDI×富士通が絡む、あの頃のキオクシアに激似の超低位株です。 大化け期待の銘柄情報を最速で発信中。見逃したくない方はフォローどうぞ！ pic.x.com/vxXW6VuAIy

後藤啓太（無料共有）
@tennipiece1

21:55
メニューを開く

月曜日の #S株 ✅みずほリース 2株 ✅積水ハウス 2株 ✅川崎汽船 1株 フジクラのせいで、2万近く失った〜！安定高配当株しか勝たん！

マキロンT
@makironT08

21:48
メニューを開く

返信先:@ken11ken
フジクラがんばれ！電線🥹

ほんまるむ🔰株👼🏻
@honmaruru01

21:38
メニューを開く

フジクラ（5803）、来週が勝負か👊 今週は利益確定売りもありましたが、終値は5,219円（前日比+281円、+5.69%）まで上昇。 出来高も約3,720万株と資金流入は依然活発。 AI・データセンター関連の本命として注目は変わりません。 来週はさらに上値を試す展開にも期待しています。↓ pic.x.com/9XcehVfWTx

日本の株式投資家
@achu213i

21:34
メニューを開く

フジクラ（5803）、来週が勝負か👊 今週は利益確定売りもありましたが、終値は5,219円（前日比+281円、+5.69%）まで上昇。 出来高も約3,720万株と資金流入は依然活発。 AI・データセンター関連の本命として注目は変わりません。 来週はさらに上値を試す展開にも期待しています。↓ pic.x.com/ZPWoySBSU3

木村｜長期投資
@mmmmmmmmm0109

21:34
メニューを開く

フジクラ（5803）、来週が勝負か👊 今週は利益確定売りもありましたが、終値は5,219円（前日比+281円、+5.69%）まで上昇。 出来高も約3,720万株と資金流入は依然活発。 AI・データセンター関連の本命として注目は変わりません。 来週はさらに上値を試す展開にも期待しています。↓ pic.x.com/3dOpRnki14

そらぶ@株式投資
@yYebMDPrwEkhjDD

21:34
メニューを開く

日曜日なのに、ポスト考えたり〜チャート見てたりしたら結局寝るのは朝方に🫠 しかも、9時からエアコン業者が来る... 今狙ってるフジクラのチャートを見ながら、3時間ばかりおやすみなさい😪 pic.x.com/3CaZpRtsFn

かぶちー@デイトレーダー兼業スロプロ
@kanakingames

21:24
メニューを開く

PINGスリーブのFujikura SpeederNXゴールド。手元走り過ぎて売却ってほんまかな。ゴルフやる知り合いおったら聞いとこ。 PING スリーブ付 Fujikura SpeederNXゴールド シャフト jp.mercari.com/item/m93201285…

ゆめびと
@yumebitopiano

21:23
メニューを開く

キオクシア、フジクラ、アドバンテストで1,300万円含み損のキッドさん。 デイトレでは52,000円勝利🔥 これを250日連続続けれたら含み損がチャラライン🥹 pic.x.com/qDYjeYdcGf

かぶちー@デイトレーダー兼業スロプロ
@kanakingames

20:44
メニューを開く

フジクラ（5803）、来週が勝負か👊 今週は利益確定売りもありましたが、終値は5,219円（前日比+281円、+5.69%）まで上昇。 出来高も約3,720万株と資金流入は依然活発。 AI・データセンター関連の本命として注目は変わりません。 来週はさらに上値を試す展開にも期待しています。↓ pic.x.com/dnAT6g71Cb

小林｜配当投資
@HnvfYCfOj5Tc1K2

20:34
メニューを開く

フジクラ（5803）、来週が勝負か👊 今週は利益確定売りもありましたが、終値は5,219円（前日比+281円、+5.69%）まで上昇。 出来高も約3,720万株と資金流入は依然活発。 AI・データセンター関連の本命として注目は変わりません。 来週はさらに上値を試す展開にも期待しています。↓ pic.x.com/GtXaP1OP23

個人投資家 三間 捺希
@nachama0815

20:34
メニューを開く

フジクラ（5803）、来週が勝負か👊 今週は利益確定売りもありましたが、終値は5,219円（前日比+281円、+5.69%）まで上昇。 出来高も約3,720万株と資金流入は依然活発。 AI・データセンター関連の本命として注目は変わりません。 来週はさらに上値を試す展開にも期待しています。↓ pic.x.com/tLDe5618O2

株式市場の先駆者 飛鳥
@Asuka49793558

20:33
メニューを開く

フジクラ（5803）、来週が勝負か👊 今週は利益確定売りもありましたが、終値は5,219円（前日比+281円、+5.69%）まで上昇。 出来高も約3,720万株と資金流入は依然活発。 AI・データセンター関連の本命として注目は変わりません。 来週はさらに上値を試す展開にも期待しています。↓ pic.x.com/z2m4hxVmYn

株式研究員｜高橋
@sgo_exvs

20:33
メニューを開く

そうなるかもしれないって唯の仮説なんで！ 投資は自己責任！ キチンと自分で勉強して情報をしっかり集めよう ゲームしながら適当に書いただけだから気にしないで もう動画取るの面倒だな アドバンテスト、村田製作所、東京エレクトロン、キオクシア、古河電機、イビデン、ソフトバンクG、フジクラ pic.x.com/PO6FJHQgN0

ごにょごにょ
@eqyoka

20:08
メニューを開く

フジクラ少し買ってみた。光通信関連って話に乗っちゃった

副業うさぎ
@fukugyousa227n

20:08
メニューを開く

AI考察 ウォール街エリート「間抜け」自滅した3つの敗因 商売の損切りの大基本を破った 1兆円が「すぐ投入できない」物理的なの計算漏れ バンガードは金曜「午前中」に済ませて待っている アドバンテスト、村田製作所、東京エレクトロン、キオクシア、古河電機、イビデン、ソフトバンクG、フジクラ pic.x.com/Ooiemvtbvu

ごにょごにょ
@eqyoka

19:58
メニューを開く

1日中フジクラの板見て思う事は自動売買だらけの挙動って事。人間の売買少ないと思うわ。

昭和の大車輪
@showabigwheel

19:39
メニューを開く

ピンスリーブ付き AIR Speeder シャフト。Bランクでゴルフ好きならチェック。 【中古】 ピンスリーブ付き(G440系) フジクラドライバー用 シャフト AIR jp.mercari.com/shops/product/…

きたくのんびり石丸派
@kitakunonbiri

19:38
メニューを開く

一度言います。 10倍株を狙うなら、この5銘柄を外せません。 今動かなければ、もう遅い。100株でも、今です。 買わない理由がない日本株5選 第5位：フジクラ（5803）（+9.0％） 今期経常利益58％上方修正・最高益予想。 第4位：東京エレクトロン（8035） 半導体装置の王者。10月に1対5の株式分割予定

˗ˏˋ テレ猫・🍀
@HarryUpUp

19:38
メニューを開く

どうすんだよあれじゃ銀英伝のトールハンマーや ヤマトの波動砲の的じゃないか あれ、ガイエスブルグ要塞かな　ま、いいか 波動砲のシーンないなあ　古代撃てよお 投資は自己責任！ アドバンテスト、村田製作所、東京エレクトロン、キオクシア、古河電機、イビデン、ソフトバンクG、フジクラ pic.x.com/0XGk7RL1mh

ごにょごにょ
@eqyoka

1
1
19:18
メニューを開く

しかし金曜信用部分解消形跡ほんどなかったよ アイツら間抜けなの？ 自給1000円台の私に喧嘩売ってる？ 無防備な状態でバンガードの死体撃ち食らうよ？ 日本は焼け野原か 投資は事後責任！ アドバンテスト、村田製作所、東京エレクトロン、キオクシア、古河電機、イビデン、ソフトバンクG、フジクラ pic.x.com/UZwZUXoyJH

ごにょごにょ
@eqyoka

19:04
メニューを開く

株クラになった野原みさえ キャー！安い安〜い！！ トヨタ！！NTT！！イオン！！みんなバーゲンセールよ〜！！ 話題のキオクシアは少し買いやすくなったとはいえ乱高下するわね。 AIだと頑張ればフジクラも買えちゃうかも〜…………… おいみさえ〜！最近の俺の小遣い一段と少なくなってねぇか〜？

🍷つ～たんお兄様🍷
@tsutan_shrine

18:55
メニューを開く

金持ちの考えてる事はさっぱりわからん 私の考える形だと信用部分は売却だけは出来るからを全て金曜のうちに売却 月曜の追加資金を突っ込んみ成功したら現物も全て売却で 強制決算回避 アドバンテスト、村田製作所、東京エレクトロン、キオクシア、古河電機、イビデン、ソフトバンクG、フジクラ pic.x.com/WrYs658UaY

ごにょごにょ
@eqyoka

18:49
メニューを開く

良い子は寝た時間だし独り言いくかな きゃーー美しいｗ ってかブラックロック馬鹿なのー？ なんだよあの額！あんなに負けてたの？ 清算機関の「着金・反映処理」のラグつまり死体撃ち アドバンテスト、村田製作所、東京エレクトロン、キオクシア、古河電機、イビデン、ソフトバンクG、フジクラ pic.x.com/e1itRqWEaR

ごにょごにょ
@eqyoka

18:40
メニューを開く

返信先:@gihuboy
スッキリしたところで 週明け、キオクシアとフジクラと任天堂を買ってください これでアンチ共も黙るでしょう✨

ジャック
@Ud8jNGqeJY2KjuS

18:38
メニューを開く

次なる本命は古河電工か？ AI相場の新ステージでフジクラから主役交代の背景 | ニューズウィーク日本版 オフィシャルサイト share.google/jVkXYC1AyM6qFC…

🐂🐻順張り情報局！📚🧐
@galluvgal

18:35
メニューを開く

Fujikura VENTUS HBシャフト。ゴルフやる人にはいいんだろうな。 Fujikura VENTUS HB 6-R シャフト jp.mercari.com/item/m87531931…

岩手の督促マン
@iwatedokusokuma

18:21
メニューを開く

SPEEDER NX BLACK 40…Sか ゴルフまた沼りそう 【中古】 テーラーメイドスリーブ付き(Qi4D系) フジクラドライバー用 シャフ jp.mercari.com/shops/product/…

九蓮
@kurenasahihhzq

18:18
メニューを開く

まさかのAI本命！！ >> キオクシア フジクラ ソフトバンクG さと島 ハーランド ガス人間 大谷翔平 佐藤二朗　 成田悠輔 椎名林檎 M!LK 橋本愛 三笘薫 今田美桜 中田敦彦 溝口裕二 トイストーリ5 ドジャース 風薫る ラストノート 高市総理中村敬斗 ミセス 黒木麗香　open AI 藤浪晋太郎 x.com/yokohamaebio/s…

yoko桜🌸FIRE→資産管理会社経営1期目
@yokohamaebio
18:02

三菱自動車そっち来たか〜 三菱自動車工業と東大発スタートアップ「Highlanders」は、日本初となる人型ロボットの量産化を発表しました。 人手不足の解消や経済安全保障の観点から、開発から製造まで国内で行う国産ロボットに注目が集まっています。

ベイのサンジ
@bay19931031

1
1
18:08
メニューを開く

フジクラ買った人億万長者って話見て自分も勢いあるやつ素直に買ってよかったかもって思ったわ x.com/i/status/20757…

だっと
@dat_sumo
4:05

2013年にキーエンスを買った人 → 億万長者 2016年にレーザーテックを買った人 → 億万長者 2022年に東京エレクトロンを買った人 → 億万長者 2025年にフジクラを買った人 → 億万長者 2026年前半にキオクシアを買った人 → 億万長者 そして――2026年。⬇️

ロー
@rofukutokyo

17:23
メニューを開く

Speeder 661 Xフレックス中古。R11系に合いそうだけど長さ確認しなきゃ。 【中古】 テーラーメイドスリーブ付き(R11系) フジクラドライバー用 シャフト jp.mercari.com/shops/product/…

富陽のひかり
@toyamahikari40

17:11
メニューを開く

ゴルフのシャフトか… Ventus Blue Sフレックス。通勤の電車でスイング想像しても全然ピンとこないな。 【中古】 テーラーメイドスリーブ付き(Qi4D系) フジクラドライバー用 シャフ jp.mercari.com/shops/product/…

あかりの推し活
@akaripushikatsu

16:54
メニューを開く

ゴルフのシャフト？ 知らん。懐子は中華食べてる方が性に合ってるわ Fujikura 24ベンタスブルー 6S キャロウェイ スリーブ付ドライバー用 jp.mercari.com/item/m25988914…

町中華・懐子
@machinatsunetm

16:21

もっと見る

フジクラのポスト数グラフ

6時間
24時間
7日
30日

686件のポスト

ポスト数の推移

22:00
16:00
10:00
4:00
2:30

36件

感情の割合

ポジティブ
64%
ネガティブ

36%
トレンド
23:29更新
1

スポーツ

ベリンガム
ノルウェーイングランド
ベリンガムとハーランド
スリーライオンズ
2点目
追いついた
マドリー
ドルトムント
個の力
2

ノルウェー先制
シェルデルップ
イングランドから
シュート
3

ITビジネス

ノーゴール
ゴール取り消し
ファール
VAR
ファウル
コーナーキック
セットプレー
取り消された
プッシング
得点取り消し
ファール判定
イングランド寄り
取り消し
ファウルだった
マリーシア
押し倒した
ゴールキック
押してる
ブリカス
シュミレーション
プッシュ
4

ITビジネス

ノーファール
ファール
5

ノーファウル
6

セルロート
スルロット
ハーランドにパス
7

ITビジネス

ノルウェーvsイングランド
ノルウェーイングランド
ウーデゴール
ハーランドだけ
ハーランド以外
イングランド寄り
足止まってる
イングランドサポ
戦術ハーランド
オープンな展開
イングランド優勝
得点の匂い
PK戦まで
ボール支配率
バックパス
ノルウェー優勝
佐藤寿人
ええ試合
ついに逆転
倒れてた
ジャイアントキリング
8

ITビジネス

オフサイド
9

スポーツ

イングランド勝ち越し
イングランド逆転
べリンガム
2点目
オープンな展開
イングランド人
イングランド優勝
こぼれ球
得点の匂い
93分
勝ち越し
ついに逆転
さすがやな
リヴァプール
10

ニュース

ゴラッソ
シェルデルップ
ノルウェーイングランド
イングランドから
スーパーゴール
イングランド ノルウェー
ベンフィカ
シュート
ライブ配信中
個の力
ジャイアントキリング
リヴァプール
20位まで見る
人気ポスト
1年以上前経ってもこの写真の謎は解明出来なかった解析済みの方がいたら教えて欲しい
いいね数
4,604
←アカチャンホンポのママ達 トイザらスのサキュバス→
いいね数
569
俺が「めっちゃカメレオン」を買わなくてもいい理由これ
いいね数
3,556
ローソン様へ 一言よろしいでしょうか。 どうしてこの様な商品を置かれるのですか？これを開発された方はどちら様でしょうか？謝ってほしいです。 もう、ラーメン屋に行けないじゃないですか😋ご馳走様でした今月３回目 #スープ激うま特濃豚骨ラーメン #直火焼きバラチャーシュー #トッピング
いいね数
11,200
これが女児育児だ！
いいね数
19,413
誰だこれ書いた人wwwww
いいね数
1,965
ミセスのコメ欄、たまにめっちゃ面白い人いるから好きw
いいね数
3,329
自慢じゃないけど子供のこういうのでイライラしたことないわ。「熱くない？平気？着替えよう」って淡々と言う。この親がイライラして「誰が洗うと思ってんの？」とか言う方が異常に感じる。こういうイライラ体質の人と、イライラしない体質の人との間には、大きな大きな川がある気がした。
いいね数
3,884
池袋では連日排泄物が落ちていて騒ぎになっているわけだが、西日暮里では味のり
いいね数
3,534
ペットカメラを覗いたら、ｶｰﾁｬﾝにネコハラ中のねこが、寿司桶の中のちらし寿司のようにうちわで扇がれていた
いいね数
8,072
電車遅延（在来線、私鉄、地下鉄）
北海道
東北
関東
中部
近畿
中国
四国
九州

遅延している路線はありません

全国の運行情報（Yahoo!路線情報）
SNSのバズまとめ
0
浪川さん、つま塩イベントでソムリエ姿やボンゴレI世が登場、ファン熱狂

703件のポスト

3:02
UNLIMIT、初の世界王者に輝く　日本勢同士の熱戦にファンは「感動」「最高すぎ」

39件のポスト

0
新井直人、左足ゴールで1点返し　ファン歓喜の「ナイスゴール」

200件のポスト

0
「オタクの朝は早い」ツイートが続出、早朝イベントや配信準備で盛り上がり

65件のポスト

0
アンリーベイビー、小倉8Rで2着に！高配当とファンの歓声が広がる

25件のポスト

0
堂本剛、生電話で感動サプライズ　たこ焼き4個で出演にファン歓喜

255件のポスト

0
「マイジャグ」取得喜びと不利な番号への嘆きが交錯、ホールでの波乱が話題に

46件のポスト

0
乃木坂46・岡本姫奈、広島ツアー前に『おかひな時間』出演でファン歓喜

41件のポスト

0
大橋和也、北海道初日ライブで圧巻のダンス披露にファン歓喜「凄すぎる」

138件のポスト

じゃじぃさん、ルーザーズでトップ32突破！ファン歓喜の連続勝利に熱狂

35件のポスト

SNSのバズまとめ一覧

ミュートしたアカウントプライバシーポリシープライバシーセンター利用規約広告について検索サービス一覧ヘルプ・お問い合わせ

ランキング情報のAPI提供X（旧Twitter）データについて

Copyright (C) 2026 LY Corporation. All Rights Reserved.

4:00","いらないスマホが、マインクラフトのコインになる！

Yahoo! JAPAN
ヘルプ
キーワード：
ウーデゴール ノルウェー代表

IDでもっと便利に新規取得

ログイン

超PayPay祭開催中、本日最大22％
ウェブ画像動画リアルタイムニュース
キーワードを消す
検索

ミュートしたアカウント

すべて
画像・動画
自動更新

並べ替え：
新着順

ベストポスト
メニューを開く

国民民主党が国債をNISAの対象にする政策を打ち出したら、日本国債なんて買わない！とおっしゃる方々がいますが、投資なのでリスクを分析して買いたい人だけが買えばいいので、決して強制するものではありません。 ただ今後、個人が買いやすい商品設計にしていくことは必要です。

玉木雄一郎（国民民主党）
@tamakiyuichiro

369
225
1,966
11:53
メニューを開く

インデックスをこんなに分散させるのって無意味ですか、、？ （NISAはじめたての頃、訳わからず買ってたので、結果こんな感じに😭） pic.x.com/PMP2nZIx7D

蝉時雨の相場
@mmo_dddd

2
3
3
1分前
メニューを開く

28歳、貯金ほぼゼロ。 2020年5月、僕の資産形成は つみたてNISA月5,000円から始まりました。 現在の資産は約1,600万円。 でも、資産形成を続ける理由は ただお金を増やしたいからではない。 「会社に依存する人生を変えたい」 その理由をnoteに書きました👇🏼 note.com/yuu_40fire/n/n…

ゆう|ゆるサイドFIRE挑戦中
@Yuu_40fire

2分前
メニューを開く

【🐢ゆるパタNISA記録139日目】 NISAが更新されました📊 📈運用収益⇒396,340円(±0円) 💰評価額⇒1,673,566円(±0円) 🎯5,000万円まで⇒48,326,434円(±0円) 土日は相場もひと休み🐢 できる日に無理なく10,000円積立 55歳まであと16年🌴 📊毎日NISA実績を公開中 #NISA #投資初心者 pic.x.com/m7VSCX8jFT

ゆるパタ🐢｜40代パタヤ2拠点生活計画
@Yurupata55

3分前
メニューを開く

返信先:@hyoshionnu
NISA貧乏なんて、的外れですって記事かぁ うんうん、そうだよね うん、そうだよね そうだよね そう… 想像の3倍の長さでした🤣 アツすぎる！ まあ節約し過ぎてNISAやってても人と違う経験とか信念が出てくる気がするので、良いんじゃないかと思う派です 青春18きっぷ懐かしい！僕も昔使いました☺️

ずぉ
@zott_0123

3分前
メニューを開く

【🐢ゆるパタNISA記録139日目】 NISAが更新されました📊 📈運用収益⇒396,340円(±0円) 💰評価額⇒1,673,566円(±0円) 🎯5,000万円まで⇒48,326,434円(±0円) 土日は相場もひと休み🐢 できる日に無理なく9,000円積立 55歳まであと16年🌴 📊毎日NISA実績を公開中 #NISA #投資初心者 pic.x.com/ZHogqYj1Bj

ゆるパタ🐢｜40代パタヤ2拠点生活計画
@Yurupata55

3分前
メニューを開く

返信先:@shinpuru299856
昔はNISA無かったからね🥹

くまのプー
@gjmrX8FwYe8jC2t

3分前
メニューを開く

返信先:@hyoshionnu
世間はNISA貧乏とか､〇〇離れみたいなネガティブな言葉を作るの好きですよね〜🤣

ゆず
@Chihuahua_mofu

3分前
メニューを開く

返信先:@WuFj2wP5p736172
子供NISA、オルカンでいきます！

ひろ@サイドFIREのリアル
@Hiro_HASYG

3分前
メニューを開く

NISAの成長投資枠、半年でまた100万円くらいできるようにすればいいのにね

ケロたん☆
@kerotan110

3分前
メニューを開く

来週は日本製鐵に投資したいですね。 これで一旦高配当株投資は終了してあとは配当金を使ってニーサ枠を埋めていきたいですね。 5年後全て埋めて状況によって今の会社を辞めてバイトしながらバリスタFIREを目指したいですね。 フルパートではなく週4くらいで働くスタイル。

investor369
@investor_3_6_9

4分前
メニューを開く

なんかNISAで国債買えるようにして30年寝かしたら〜みたいな話が流れてきたけど30年寝かすなら株でよくないすか と思ったけど余剰資金じゃなくて常に切り崩しの可能性考えてならありか 何でもいいけど1800万しか枠無いんだから別枠にしてくれよな

evangel
@evangel_upa

5分前
メニューを開く

返信先:@FPInvestorZERO
NISA貧乏を才能と呼べる時点で、もう気持ちが強いんですよね🐱

カブにゃん🐱 株ニュースをやさしく図解
@kabustocknews

5分前
メニューを開く

NISAは非課税といっても、相続税はかかるからな！相続時（死亡時）の価格で決まるからな！その後暴落して売却後に相続税払えない、とかも考えとけよ！

ナオツ@７割FIRE民×仮想通貨botter
@naotsu_log

5分前
メニューを開く

44%。 市場は2026年末の日経平均が55,000円未満になる確率を44%と織り込んでる。 55,000〜60,000円に収まる確率も43%。 つまり「現状維持か下」を大半が見とる。 新NISAで積み立ててる人、この数字は気になるんちゃうか。 出典: Polymarket pic.x.com/Wyp6Sm0xmZ

aha.｜予測市場メディア
@ahamarkets

5分前
メニューを開く

NISAが11円上がっただけで喜べるので私には才能があります。

恋ノ音らめる🩸🌸
@KoinoneLamer

5分前
メニューを開く

返信先:@belle_xrpl
2028年という具体的な時軸と、NISAとの組み合わせまで言及されていて、個人投資家にとってこれほど整理された解説はなかなかないと思いね。

50代から始めるWeb3・暗号通貨
@haneulseonmul

6分前
メニューを開く

NISAの本、初心者向けっぽい🥀 会社員の私でも読めそう 投資初心者でもスグできる いちばんやさしい 新NISA&iDeCoで節税投資ざん jp.mercari.com/shops/product/…

吸血姫るぅ
@ruuvamphimwefs

6分前
メニューを開く

ぽっくん流時事考察〜ベインキャピタルの話〜｜ぽっくん(底辺nisa勢) @pokkun2411 #AIで遊ぼう note.com/pokkun241/n/n7…

ぽっくん(底辺nisa勢)
@pokkun2411

6分前
メニューを開く

返信先:@yumeneko_money
元本割れなしの国債までNISA対象になるかもしれないとは驚きですね📈

わに社長｜空き家再生の専門家
@wani0213

6分前
メニューを開く

生命保険と同じように相続人1人あたり500万円まで相続税非課税にしたらバカ売れすると思う。 NISAに国債追加　国民民主が法案提出(時事通信) #Yahooニュース news.yahoo.co.jp/articles/b0681…

black10
@black1098349939

7分前
メニューを開く

全世界株式と米国株式について多く意見を述べますが、実は個人的に1番好きなのは先進国株式。実際、iDeCoは先進国株式に投資している。未来は誰にも分からないため、他の人におすすめする場合と最も長期的に利用するNISAは全世界株式を選んでいますが、本音は新興国にほぼ期待してない。ここだけの話。

とんかば@社畜からサイドFIREを目指す
@tonkaba3

7分前
メニューを開く

返信先:@tamakiyuichiro
平均寿命が80の国で80の時に金持ってどうするんだ… NISAは年額の枠があるから基本年240万の積立が上限だしシミュにしてももうちよっと… 国債のNISA化は賛成だけど国債金利を上回る成長戦略がないと意味なくないかな

ニトタク　政治とタコさん
@voteandvibe

7分前
メニューを開く

返信先:@tamakiyuichiro
個人の資産形成だけではありません。NISAの現状は、年間10兆円規模の海外投資になっています。この投資が生み出す経済成長と投資利益を国内に戻せば、本邦経済の国際競争力を強め、円安を抑制する効果が期待できます。

ジェンヌ
@hananomich

8分前
メニューを開く

返信先:@tamakiyuichiro
株の売買はゼロサムゲームです。 みんなが儲かることは絶対にありません。 お金が移動しているだけです。 新NISAによる資産倍増政策は政府による詐欺です。 更に他の金融商品も同様です。 なお金融経済に莫大な資金を供給しているのが政府が発行する国債です。 pic.x.com/kUj3267yAs

樹林忠司@お金の不要な国を創る
@auratio_jp

9分前
メニューを開く

知り合いに「NISAしてる?」と聞いたら、「難しいことは無理」とひとこと。 銀行に置いたままだと、物価が上がるぶんお金の値打ちが目減りする…とは分かっているみたい。 でも、やっぱり一歩が怖いのかなぁ。その気持ちも、よく分かるんです。

ゆる株日記KIKO
@yuru_kabu_kiko

10分前
メニューを開く

アンニョン。本日のタスク＆ひと言💭 ・SNS投稿：10種類 ・外国語＆宅建勉強 ・小田原ボードゲーム会 ・全力で楽しむ ・Move to Earn 国民民主党が国債のNISA対象化法案を提出。 これは意外とスムーズに決まりそうな予感… 本日もファイティン💪　#今日の積み上げ

とみぃ｜フリーランス塾講師 𓅪
@Tommy_irugi

1
10分前
メニューを開く

返信先:@tamakiyuichiro
買いたい人が買いたいのは賛成です。 ただ、もっとリスクとりたい人もいるので、レバレッジ商品も買える様にしてくれないでしょうか。 旧NISAでは出来たのに…

踊り場｜理系メーカーの窓際→AIで転職→年収100万UP
@odoriba_37

10分前
メニューを開く

財布の中身、ちょっと減ったな。今月の食費と、NISAの運用でまた少しずつ減ってるわ。

vitality shift
@LuKe399RoCk

11分前
メニューを開く

｢NISA枠国債｣って、、、今の情勢で国債買うって選択肢ある？

/
@midomo2022

11分前
メニューを開く

返信先:@tamakiyuichiro
そもそもNISAにぶち込むお金がありません。どうして皆んなNISAが出来る大前提なんですか？ まずは政治家の給料減らしてそれを国民に回してください。微々たる物でも結構です。 税金社会保険料を減らしてください。 物価は右肩上がりで我々の生活は逼迫してます。 取られる物もその分上がってます。

KRA｜3児パパ主夫×グラブル×DQW
@KRAGBDQW

12分前
メニューを開く

ゆうちょくんの株主優待はゆうちょpayにしました 今年でゆうちょpay終わっちゃうけど 配当金は74円で37,000円 来年は93円予想なので46,500円っょぃ 去年の9月にNISAで100株買ったら100円以上下げてしまったのでその後10月11月にかけて優待ラインの500株に買い増したん 平均1750円で500株多分悪くない pic.x.com/2kMmJktt5T

しまりすふぁ〜む
@shimaris_farm

12分前
メニューを開く

NISA複利また計算。30年後目標に近づいてる

きざしFIRE
@kizashiFIRE

12分前
メニューを開く

金融資産の4/5程を資産運用に回しています。但し、流動性の悪い積立型の保険が2/5程あるので満期と同時に解約し、投資信託に移行しようかと検討中です。まずはNISA枠を使った投資信託への移行を進めて行きたいと自分用にメモです。

花藤みくに🐻🍄Live2D Designer
@mikuni202

13分前
メニューを開く

返信先:@career_koumei
に、ニーサ今から初めたりしたいです！頑張ります

ふぃりあ★
@yumesaki_philia

13分前
メニューを開く

昨日寝かしつけの時間に上の子がパパいつもスマホ見てて一緒に遊んでくれないって言ってきた。ごめんね、家族みんなで早く楽できるように投資頑張ってるんだって返したら少し黙ってうなずいてくれた。でも結局まだ子育てと投資の両立下手くそだなって実感した。食費削って今月もNISAキープしたよ。

たかふみ＠FIRE
@takafumifire

14分前
メニューを開く

既に楽天証券を口座開設しつみたてnisaをやってましたがSBI証券の口座も作りました！で、61日で有効判定 こちらに関してもハイブリッド預金振替設定、総合取引口座への一括5万円入金までブログでスクショ付きで記録したので参考に poikarasu.com/sbi-sec-p/

ぽいからす@ポイ活記録
@poikarasu_

14分前
メニューを開く

返信先:@kuro_poohlove
NISA全然わかんない…言葉難しいよねぇ…わたしには全く頭にはいらない。黒さん偉いなぁ☺

はにーちゅろ
@hanyhonie

14分前
メニューを開く

返信先:@Killer_Index
環境にもよりますよね 新NISAとか使えるものを使ってないと厳しいでしょうが、選択肢があるのは良いことですね

マノロ
@Himeyuriwxv

14分前
メニューを開く

NISAでアメリカに金が流れてる、ってロイターで言われてて、まあそらそうなるわな…

ⰕⰅⰏⰎⰋⰐ/
@H_GYSEV

15分前
メニューを開く

返信先:@kennyaku_okkapa
おかっぱちゃん、おはようございます☀️ 95歳のウォーレン・バフェットも複利の効果で90代になってから資産の増加ペースがさらに加速しているので、ご両親も全然遅くはないと思います！ うちの親は70半ばですが、NISAでオルカンに積み立ててます！

かもねぎ@チリつも投資家
@a_leeky_duck

15分前

もっと見る

NISAのポスト数グラフ

6時間
24時間
7日
30日

4,440件のポスト

ポスト数の推移

22:00
16:00
10:00
4:00
12:00

90件

感情の割合

ポジティブ
42%
ネガティブ

58%
トレンド
23:28更新
1

スポーツ

ベリンガム
ノルウェーイングランド
ベリンガムとハーランド
スリーライオンズ
2点目
追いついた
マドリー
ドルトムント
個の力
2

ノルウェー先制
シェルデルップ
イングランドから
シュート
3

ITビジネス

ノーゴール
ゴール取り消し
ファール
VAR
ファウル
コーナーキック
セットプレー
取り消された
プッシング
得点取り消し
ファール判定
イングランド寄り
取り消し
ファウルだった
マリーシア
押し倒した
ゴールキック
押してる
ブリカス
シュミレーション
プッシュ
4

ITビジネス

ノーファール
ファール
5

ノーファウル
6

セルロート
スルロット
ハーランドにパス
7

ITビジネス

ノルウェーvsイングランド
ノルウェーイングランド
ウーデゴール
ハーランドだけ
ハーランド以外
イングランド寄り
足止まってる
イングランドサポ
戦術ハーランド
オープンな展開
イングランド優勝
得点の匂い
PK戦まで
ボール支配率
バックパス
ノルウェー優勝
佐藤寿人
ええ試合
ついに逆転
倒れてた
ジャイアントキリング
8

ITビジネス

オフサイド
9

スポーツ

イングランド勝ち越し
イングランド逆転
べリンガム
2点目
オープンな展開
イングランド人
イングランド優勝
こぼれ球
得点の匂い
93分
勝ち越し
ついに逆転
さすがやな
リヴァプール
10

ニュース

ゴラッソ
シェルデルップ
ノルウェーイングランド
イングランドから
スーパーゴール
イングランド ノルウェー
ベンフィカ
シュート
ライブ配信中
個の力
ジャイアントキリング
リヴァプール
20位まで見る
人気ポスト
1年以上前経ってもこの写真の謎は解明出来なかった解析済みの方がいたら教えて欲しい
いいね数
4,604
←アカチャンホンポのママ達 トイザらスのサキュバス→
いいね数
569
俺が「めっちゃカメレオン」を買わなくてもいい理由これ
いいね数
3,556
ローソン様へ 一言よろしいでしょうか。 どうしてこの様な商品を置かれるのですか？これを開発された方はどちら様でしょうか？謝ってほしいです。 もう、ラーメン屋に行けないじゃないですか😋ご馳走様でした今月３回目 #スープ激うま特濃豚骨ラーメン #直火焼きバラチャーシュー #トッピング
いいね数
11,200
これが女児育児だ！
いいね数
19,413
誰だこれ書いた人wwwww
いいね数
1,965
ミセスのコメ欄、たまにめっちゃ面白い人いるから好きw
いいね数
3,329
自慢じゃないけど子供のこういうのでイライラしたことないわ。「熱くない？平気？着替えよう」って淡々と言う。この親がイライラして「誰が洗うと思ってんの？」とか言う方が異常に感じる。こういうイライラ体質の人と、イライラしない体質の人との間には、大きな大きな川がある気がした。
いいね数
3,884
池袋では連日排泄物が落ちていて騒ぎになっているわけだが、西日暮里では味のり
いいね数
3,534
ペットカメラを覗いたら、ｶｰﾁｬﾝにネコハラ中のねこが、寿司桶の中のちらし寿司のようにうちわで扇がれていた
いいね数
8,072
電車遅延（在来線、私鉄、地下鉄）
北海道
東北
関東
中部
近畿
中国
四国
九州

遅延している路線はありません

全国の運行情報（Yahoo!路線情報）
SNSのバズまとめ
0:43
「かわいいだけじゃだめですか？」原キーカバーがTikTokで大流行、WESTA!が熱狂的ファンを沸かす

32件のポスト

0
IMP.『できませんは言いません』が深夜に開幕、プールサイドコーデ対決に期待の声続出

158件のポスト

0
山崎福也先発無失点に歓喜、ファンが「福也がんばれ！」と熱狂

324件のポスト

0
森本慎太郎、ローマ風エプロンでグラディエーター姿が話題に　ファンが「強そう」絶賛

30件のポスト

0
『ふかラウ』Listening Party開催、ファン歓喜の声が広がる

82件のポスト

0
杉本琢弥「男の本音」MV公開、ファンが「最高」「待ちわびてた」歓喜の声続出

51件のポスト

0
Monsoonが再び注目、2連覇への期待と「好きすぎる」声がSNSで広がる

29件のポスト

0
うえだゆうじ、黄泉のツガイ新キャラ声優に登場！ファン歓喜の声続出

28件のポスト

0
剣劇『三國志演技〜蜀漢』ビジュアル解禁にファン歓喜「ビジュが良すぎ」

37件のポスト

0:14
佐藤勝利が『せやねん！』に生出演、関西ファン歓喜の声が広がる

58件のポスト

SNSのバズまとめ一覧

ミュートしたアカウントプライバシーポリシープライバシーセンター利用規約広告について検索サービス一覧ヘルプ・お問い合わせ

ランキング情報のAPI提供X（旧Twitter）データについて

Copyright (C) 2026 LY Corporation. All Rights Reserved.

4:00","寄付でZOZOTOWN Yahoo!店200円OFFクーポンがもらえる

Yahoo! JAPAN
ヘルプ
キーワード：
林陵平

IDでもっと便利に新規取得

ログイン

超PayPay祭開催中、本日最大22％
ウェブ画像動画リアルタイムニュース
キーワードを消す
検索

ミュートしたアカウント

すべて
画像・動画
自動更新

並べ替え：
新着順

ベストポスト
メニューを開く

朝一で追証通知ヤバすぎる完全に目が覚めるわこれ pic.x.com/LpmuAiQzNQ

おにやo-228
@oniyanogame

121
207
3,890
7月9日(木) 23:52
メニューを開く

今日、教習所で免許更新しているおじさんがいたら、勇気を振り絞って声をかけてみましょう 2分の1の確率で 追証さんです では、いってきます おはようございます

追証を乗り越えたことにしてる人
@FX45540575

3分前
メニューを開く

おにやの「含み損1000万」「追証」を理解するためAIから株を学ぶk4sen【雑談】 youtu.be/Y5GDNg02xOY?si…

くぅ太郎＠脱サラ専業投資家
@hyperoyabin

12分前
メニューを開く

おにやの「含み損1000万」「追証」を理解するためAIから株を学ぶk4sen【雑談】 youtu.be/Y5GDNg02xOY?si… @YouTubeより

たこまぐろ🚑
@fxmf8

27分前
メニューを開く

おーにゃ視聴者の経済リテラシーを上げるために株配信やってるって言ってるけど、あんだけ追証追証って言ってるの見て投資やったことない人がやろうって思うかな？ギャンブルにしか見えなくない？

mikanch
@miyosashi

48分前
メニューを開く

おはひよ⛄️❄️✨ ひよのちゃんも信用取引を再開します🤍🌸 といっても、デイトレやスイングではなく、毎月のインカムを積み上げる長期運用です😊✨ 信用余力は300万円あるので、そのうち200万円だけを使い、追証対策として信用口座には50万円の現金をキープ💰🛡️ pic.x.com/NOAqG4tpoa

朝倉ひよの🩷｜ロマンティック秘書と投資
@ondokususume

22:29
メニューを開く

返信先:@ryoi71133993
来るな追証

Masa　半導体プロセス視点×半導体株
@semicon_eng1

21:57
メニューを開く

どうも👋 報道 探です😎 ⏰7:00からプレミア公開します🤗 【ナンピンしたらスッカンピン🤣韓国株で借金地獄へ🥶🀄ナンピンツモドラドラ投資ではなく完全にギャンブル化🤣】追証地獄の韓国個人投資家！？ナンピン地獄の末に次々と強制退場へ…絶望の韓国市場 ➥ youtu.be/PRYl1g7c9X8 pic.x.com/czZ0dufrDO

Hotch Potch （ホッチポッチ）
@HotchPotch_n

3
3
21:50
メニューを開く

返信先:@digitalgoldbc
ビットコイン下落時の追証とレンティングの課税分が考慮されていません〜。

あなえん - アナログなITエンジニア
@it_katG

1
21:38
メニューを開く

おにやの「含み損1000万」「追証」を理解するためAIから株を学ぶk4sen【雑談】 youtu.be/Y5GDNg02xOY?si… @YouTubeより

ごるずま
@ogSgpePuCT30586

20:07
メニューを開く

おにやの「含み損1000万」「追証」を理解するためAIから株を学ぶk4sen【雑談】 youtu.be/Y5GDNg02xOY?si… @YouTubeより

貝殻
@im_shell_

18:38
メニューを開く

おにやの「含み損1000万」「追証」を理解するためAIから株を学ぶk4sen【雑談】 youtu.be/Y5GDNg02xOY?si… @YouTubeより

not😎@anemoiプレイ中
@n0_t_

17:23
メニューを開く

おにやの「含み損1000万」「追証」を理解するためAIから株を学ぶk4sen【雑談】 youtu.be/Y5GDNg02xOY?si… @YouTubeより 　投資がエンタメになるの面白いよね

いなば
@lavit81

16:48
メニューを開く

おにやの「含み損1000万」「追証」を理解するためAIから株を学ぶk4sen【雑談】 youtu.be/Y5GDNg02xOY?si… @ＹｏｕＴｕｂｅより

このメディアは、センシティブな内容を含んでいる可能性があるため表示されません。表示する

seiji
@concreteseijin

16:06
メニューを開く

おにやの「含み損1000万」「追証」を理解するためAIから株を学ぶk4sen【雑談】 youtu.be/Y5GDNg02xOY?si… @YouTubeより

ぜしんのメモ帳
@client2531gmail

15:58
メニューを開く

返信先:@tpAJZqNG1NewajG
ないない😂 月曜日からどかーん⤵️くらうのが目にみえてます😭耐えてくれ！ワイの追証💰

ドアにヤスミ×３「駅員ボヤキ垢」
@ToiletYasumi

15:29
メニューを開く

おにやさん、アラーム代わりの追証通知は寝覚めが悪すぎる😂 pic.x.com/aCuSGcqW2l

かぶちー@デイトレーダー兼業スロプロ
@kanakingames

14:45
メニューを開く

【追証の神】おにやは、本物の天才だった。。。 youtube.com/shorts/Hyz2iMb… @YouTubeより

Y0SIDA
@My0sida

14:39
メニューを開く

当時は指数だから大丈夫だろうと思っていた。レバレッジをかけても忍耐で耐え抜けば大丈夫だと思っていた。しかし現実は甘くなかった。30%近く下がると追証の投げ売りが来る。これはリアルでそうで私も投げ売るしかなかったのです。しかも大底で。あと一日耐えられないのです。あと1日が。

らじお
@Guam210125108

14:34
メニューを開く

おにやの「含み損1000万」「追証」を理解するためAIから株を学ぶk4sen【雑談】 youtu.be/Y5GDNg02xOY?si… @YouTubeより 草

ソウル🚒
@soul308

14:31
メニューを開く

おにやの「含み損1000万」「追証」を理解するためAIから株を学ぶk4sen【雑談】 youtu.be/Y5GDNg02xOY?si… @YouTubeより

乾坤一擲（けんこん）
@suparuki1

14:24
メニューを開く

【追証の神】おにやは、本物の天才だった。。。 youtube.com/shorts/Hyz2iMb… @YouTubeより

よよ
@Yoxygens

14:08
メニューを開く

おにやの「含み損1000万」「追証」を理解するためAIから株を学ぶk4sen【雑談】 youtu.be/Y5GDNg02xOY?si… @YouTubeより

ぜれく
@zreku

14:02
メニューを開く

おにやの追証劇からの株を学ぶかせんニキがちおもろい

ちゃむぺん
@G_feet6

13:56
メニューを開く

信用レバレッジをかけて株高のチキンレースに群がり、『今度こそ億り人だ』とタイムラインで燥ぐ大衆の愚かさ。彼らの含み益は確定しない限り幻であり、市場の潮目が変わった瞬間に、強制清算の網（追証）に捕食される運命だ。身の丈に合わないリスクを負う古い前提を今すぐ排除せよ。夜の側は現物での

クロイヌ｜時産（じさん）のプロデューサー
@blackdog_ai

13:45
メニューを開く

おにやの「含み損1000万」「追証」を理解するためAIから株を学ぶk4sen【雑談】 youtu.be/Y5GDNg02xOY?si… @YouTubeより

コノハ・ポータル
@SVP_master

13:43
メニューを開く

大喜利系のお題は 損切り 追証 のいずれかを入れたらだいたい成り立つ説 x.com/yuoh2y2rhusylj…

大喜利ぽー
@Yuoh2y2RHUSYLjr
9:00

【大喜利お題】 月に代わって【　　　　　　】。 空欄を埋めてください🫣

はなまる
@hanamaru_up

13:35
メニューを開く

おにやの「含み損1000万」「追証」を理解するためAIから株を学ぶk4sen【雑談】 youtu.be/Y5GDNg02xOY?si… @YouTubeより 信用取引はやめようって反面教師と、意味不明な理屈をずっとﾍﾟﾗﾍﾟﾗ喋ってるエンタメとして面白い

Dorala.txt
@dorala_3

13:27
メニューを開く

返信先:@oniyanogame
頑張ってください。できれば、めちゃくちゃな追証きたいしてます！

初株
@takarawa3child

13:26
メニューを開く

おにやの「含み損1000万」「追証」を理解するためAIから株を学ぶk4sen【雑談】 youtu.be/Y5GDNg02xOY?si… @YouTubeより

ぷーにゃ
@puyo_punya

13:24
メニューを開く

追証にオイショー！ pic.x.com/ClaCYBnbrp

水原
@sena3fx

12:48
メニューを開く

インするタイミングについては一年もあれば身につくが、忍耐力というのは大きな失敗をしないとわからんものよね。 冷や汗が出るくらいの追証が来るまでがオリエンテーションの感じがある😂 A➕のセットアップにしか入らないというのはシンプルだけど最強の戦略。

Dr.K
@Drdebuneko

1
4
87
12:37
メニューを開く

おにやの「含み損1000万」「追証」を理解するためAIから株を学ぶk4sen【雑談】 youtu.be/Y5GDNg02xOY?si… @YouTubeより

弥生
@acceptance_817

12:32
メニューを開く

返信先:@doctor_hhm
20代で億トレ達成… からの… 信用二階建てしてて追証… 結局マイナス ワイはあいつが大嫌いや！ 株は自己責任って身に染みた…

テツ㊙＠南信州のバイク乗り
@t28marchan

12:23
メニューを開く

返信先:@btc10year_hodl
暗号資産担保ローンは、価格急落時の追証やロスカットが常に付きまといますよね。ボラティリティの高い資産を担保にレバレッジをかける怖さを直感的に避けられているのは、堅実な判断だと感じます。

田淵一真@XAUUSD/USDJPY
@kazutrade6

12:22
メニューを開く

おにやの「含み損1000万」「追証」を理解するためAIから株を学ぶk4sen【雑談】 youtu.be/Y5GDNg02xOY?si… @YouTubeより

キミドリ@プロ養分
@kimidorixp

12:20
メニューを開く

韓国「株価下落･追証･反対売買の地獄絵図」現実に ⇒ 強制決済が1,422億まで膨張＼(^o^)／助けて日本 crx7601.com/archives/63333… pic.x.com/NIfLwyjC3B

おーるじゃんる🎌
@crx7601

1
2
8
12:19
メニューを開く

わかりやすかった！ハセシンに感謝 / おにやの「含み損1000万」「追証」を理解するためAIから株を学ぶk4sen【雑談】 youtu.be/Y5GDNg02xOY?si…

あじのひもの
@aji_no_himono

12:03
メニューを開く

いかに損切りしてないかがよくわかる。 数少ない損切りは追証レベルまで膨らましてから。 ダメトレの見本 pic.x.com/ikDKfXcmPp

Madu
@alwaysaway31

5
1
34
11:59
メニューを開く

いもむしさんが謝る事無いです 私共が侵入を許してしまった痛恨のミス💦 また東京女子が追証の犠牲になる😟 pic.x.com/UB6SM09Lku x.com/ns2ovkbabrvaq1…

いもすけtypeマンモスニキ
@nS2OvkbaBRvAq13
11:46

返信先:@QI2u23RyESDq8Ex
岐阜県民代表して陳謝いたします🙇‍♀️💦💦

Dr.東京チェリー禿げ暴威zz3ﾐﾘ
@QI2u23RyESDq8Ex

11:51
メニューを開く

返信先:@FX45540575
自分は高くてあんまり行ってないけど、追証さんなら行けますよ！ ハイボール美味しかった🤣あ、カートにエアコンついてました🥰

かぶたろ@人生ノンレバが幸せ
@kabunushiyutai8

11:43

もっと見る

追証のポスト数グラフ

6時間
24時間
7日
30日

107件のポスト

ポスト数の推移

22:00
16:00
10:00
4:00
9:00

7件

感情の割合

ポジティブ
24%
ネガティブ

76%
トレンド
23:29更新
1

スポーツ

ベリンガム
ノルウェーイングランド
ベリンガムとハーランド
スリーライオンズ
2点目
追いついた
マドリー
ドルトムント
個の力
2

ノルウェー先制
シェルデルップ
イングランドから
シュート
3

ITビジネス

ノーゴール
ゴール取り消し
ファール
VAR
ファウル
コーナーキック
セットプレー
取り消された
プッシング
得点取り消し
ファール判定
イングランド寄り
取り消し
ファウルだった
マリーシア
押し倒した
ゴールキック
押してる
ブリカス
シュミレーション
プッシュ
4

ITビジネス

ノーファール
ファール
5

ノーファウル
6

セルロート
スルロット
ハーランドにパス
7

ITビジネス

ノルウェーvsイングランド
ノルウェーイングランド
ウーデゴール
ハーランドだけ
ハーランド以外
イングランド寄り
足止まってる
イングランドサポ
戦術ハーランド
オープンな展開
イングランド優勝
得点の匂い
PK戦まで
ボール支配率
バックパス
ノルウェー優勝
佐藤寿人
ええ試合
ついに逆転
倒れてた
ジャイアントキリング
8

ITビジネス

オフサイド
9

スポーツ

イングランド勝ち越し
イングランド逆転
べリンガム
2点目
オープンな展開
イングランド人
イングランド優勝
こぼれ球
得点の匂い
93分
勝ち越し
ついに逆転
さすがやな
リヴァプール
10

ニュース

ゴラッソ
シェルデルップ
ノルウェーイングランド
イングランドから
スーパーゴール
イングランド ノルウェー
ベンフィカ
シュート
ライブ配信中
個の力
ジャイアントキリング
リヴァプール
20位まで見る
人気ポスト
1年以上前経ってもこの写真の謎は解明出来なかった解析済みの方がいたら教えて欲しい
いいね数
4,604
←アカチャンホンポのママ達 トイザらスのサキュバス→
いいね数
569
俺が「めっちゃカメレオン」を買わなくてもいい理由これ
いいね数
3,556
ローソン様へ 一言よろしいでしょうか。 どうしてこの様な商品を置かれるのですか？これを開発された方はどちら様でしょうか？謝ってほしいです。 もう、ラーメン屋に行けないじゃないですか😋ご馳走様でした今月３回目 #スープ激うま特濃豚骨ラーメン #直火焼きバラチャーシュー #トッピング
いいね数
11,200
これが女児育児だ！
いいね数
19,413
誰だこれ書いた人wwwww
いいね数
1,965
ミセスのコメ欄、たまにめっちゃ面白い人いるから好きw
いいね数
3,329
自慢じゃないけど子供のこういうのでイライラしたことないわ。「熱くない？平気？着替えよう」って淡々と言う。この親がイライラして「誰が洗うと思ってんの？」とか言う方が異常に感じる。こういうイライラ体質の人と、イライラしない体質の人との間には、大きな大きな川がある気がした。
いいね数
3,884
池袋では連日排泄物が落ちていて騒ぎになっているわけだが、西日暮里では味のり
いいね数
3,534
ペットカメラを覗いたら、ｶｰﾁｬﾝにネコハラ中のねこが、寿司桶の中のちらし寿司のようにうちわで扇がれていた
いいね数
8,072
電車遅延（在来線、私鉄、地下鉄）
北海道
東北
関東
中部
近畿
中国
四国
九州

遅延している路線はありません

全国の運行情報（Yahoo!路線情報）
SNSのバズまとめ
0
「つまみは塩だけの宴in東京2026」参加者が大笑い、配信も好評で盛り上がり続く

53件のポスト

0:33
古沢稀杏、エマ破り5☆STAR本戦出場決定　ファン歓喜の声続出

30件のポスト

0
稲毛海岸がアド街ック天国で特集、夏のリゾート情報に歓声が広がる

515件のポスト

0
バルガス選手、圧倒的サーブとアタックで日本戦を熱狂させた盛り上げ

30件のポスト

0
「スリーライオン」イングランドサポーター、ワールドカップで三頭のライオンコスプレが話題に

53件のポスト

森本稀哲コーチ、レイエス走塁指示　“ギャンブル”と称賛が交錯

37件のポスト

0
アスルクラロ沼津、トレマでヴァンフォーレ甲府に4-0勝利　ファンは「開幕が楽しみ」

36件のポスト

0:33
福島9R信夫山特別でサトノソティラスが単勝◎に　期待の声が続出

85件のポスト

0
エリーニック、福島12Rで本命として期待の声続出　“◎印が付いた”投稿が多数

31件のポスト

0
EIGHT-JAM FES 2026、熱さとサプライズで大盛り上がり「最高にアツい」感が拡散

86件のポスト

SNSのバズまとめ一覧

ミュートしたアカウントプライバシーポリシープライバシーセンター利用規約広告について検索サービス一覧ヘルプ・お問い合わせ

ランキング情報のAPI提供X（旧Twitter）データについて

Copyright (C) 2026 LY Corporation. All Rights Reserved.

4:00","LINEヤフー基金20年の歩みとこれから

Yahoo! JAPAN
ヘルプ
キーワード：
イングランド代表 スタメン発表

IDでもっと便利に新規取得

ログイン

超PayPay祭開催中、本日最大22％
ウェブ画像動画リアルタイムニュース
キーワードを消す
検索

ミュートしたアカウント

すべて
画像・動画
自動更新

並べ替え：
新着順

ベストポスト
メニューを開く

株を26年やってきたから、月収は2100万円です、もう一度だけ言う。 NISAでオルカン積立中の人へ SpaceX（SPCX）がMSCI ACWI（オルカン） に6月29日組み入れ済み、NASDAQ100にも7月7日頃に正式採用されます。 上場直後の巨額時価総額により、 数十億〜数百億ドルのパッシブ買いが集中。👇 pic.x.com/ad0F3juReT

渡辺マーケット
@Seapalm618

15
61
209
9:36
メニューを開く

📊 おはようございます。 07/12 【日経平均】 終値：68,558円 時間外：69,320円（+762円） 【オルカン】 38,334円（前日比 +173円） 日経平均が1.2%上昇し、先物も堅調に推移。グローバル株も緩やかに上昇し、市場全体でリスクオン基調が続いています。 今日も投資がんばろう💪 #日経平均 #オルカン

がくさん
@gakusan20

23秒前
メニューを開く

頭ごなしに個別株はギャンブル、オルカンが正義って言ってる奴嫌いなんだよね

ふじふじ
@fujifuji_11

2分前
メニューを開く

返信先:@orukanschd
オルカンで土台を固めつつ増配と優待を足す、守りと楽しみの両立がうまい配分ですね コアで安定を確保しているから、サテライトを気楽に育てられる形だと思います🔍

カブにゃん🐱 株ニュースをやさしく図解
@kabustocknews

3分前
メニューを開く

返信先:@ecara3uoYuzxlHg
ぬっへっほーさん！ おはようございます🌞 極論オルカンだけでいい！ただそれだとつまんない💚

はせちゃ@投資&ポイ活
@Hasep500

3分前
メニューを開く

返信先:@WuFj2wP5p736172
子供NISA、オルカンでいきます！

ひろ@サイドFIREのリアル
@Hiro_HASYG

3分前
メニューを開く

返信先:@INDEXMAN921
ありがとうございます☺️ インデックスマンさんにフォローいただけて嬉しいです！ 資産8000万円はあくまで家族全員で築けた資産です😅 これからも家族時間大事にしつつ、淡々とオルカン積み立てていきます🦸‍♂️

ヨッシー｜平凡サラリーマン投資家
@okazusan1

4分前
メニューを開く

オルカンだけで人生変わるのは入金力ある人だけ。 年収800万以下はオルカンだけじゃ無理 x.com/shinpuru299856…

こつこつ
@shinpuru299856
21:58

30歳で投資をしている人は4割。 その中でオルカンに投資できているのは、5割。更にそのオルカンを持ち続けられるのは一体何%なんだろうか。 一緒に持ち続けませんか？😎

ミミちゃん
@H3nsRri

4分前
メニューを開く

返信先:@TotoInvestor
オルカン、S&P500の二択にTOPIXが加わったのは、日本株再評価の流れを象徴していますよね。選択肢が増えてカオスになるのは、市場が健全に活性化している証だと感じます。

田淵一真@XAUUSD/USDJPY
@kazutrade6

4分前
メニューを開く

返信先:@FIREJimon
積立分の入金もありますが、円安やオルカン自体の成長で大幅増加してくれました😊

かずまる｜2000日後にリタイアする社畜
@2000days_retire

5分前
メニューを開く

ぼくには分からん世界だ。ぼくはオルカンと金とメタプラとBTC（またはBTC投信）しか買う気ない

虎@現65㌔出稼ぎの民
@tora_VE

5分前
メニューを開く

返信先:@Hiro_HASYG
ひろさん おはようございます!いつもありがとうございますm(_ _)m半導体銘柄に一喜一憂するのも時間つかってしまうので、航路を守ってオルカンのバイアンドフォーゲット継続し、ほかのことに時間つかってます☺️

いねシン|脳と人生ほどく人×投資食旅
@inezosin101010

6分前
メニューを開く

通勤中に通知来まくって確認したけどオルカン順調。ニヤニヤしながら会社着いた。

みかちゃん
@mika35pNISA

7分前
メニューを開く

5月頃とりあえずで初めて積み立て設定したやつ。今はオルカンやめてNASDAQにしてる。 忘れない自信があるなら指数の下落見てスポットで購入するのもありかな？ pic.x.com/AXcYtwPb0y

りく
@riku__index

8分前
メニューを開く

株クラは怖いところだ 5年前 FIRE目指してインデックス積み立てよう！ 2年前 資産1000万がスタートライン！まずはそこから！ 最新 1000万をオルカンに入れた所でFIREできるわけがない 怖いよぉ…株クラ怖いよぉ…

ぱみ
@1pamilife_

11分前
メニューを開く

返信先:@ptarmigan808
オルカンです😊 フェリーや夜行列車での旅行、私もしてみたいです！

尚弥
@naogonia3420

12分前
メニューを開く

オルカンの保有額が700万円を超えました📈 ここまでくると、 オルカンが1%動くだけで約7万円 最近は最高値圏ということもあり、 毎日の値動きが資産額に与える影響も大きくなってきました。 だからこそ、 目先ではなく10年後を見てコツコツ積立を😊 みなさんのオルカン保有額はどのくらいですか？ pic.x.com/dmDfPtEhBQ

ちゅらえもん｜子育て世帯x総資産3900万
@churaemon_tou

14分前
メニューを開く

20代という若さでインデックス投資の価値に気づき、オルカン、S&P500に毎月3万でも積み立てしはじめた人ってそれだけでもう優勝だよね。

ひだまり@FIRE
@ytrarkrs_

14分前
メニューを開く

そりゃ行先不安なﾜｰｸﾆの国債よりオルカンの方が魅力的なのは当然なんだから、子がいる小金持ちの節税に効果的となれば投資とは別の動機が生まれて良いバランス調整だと思うわ 政治屋のみなさんはそうやって時間を稼いでる間に社会保障このまま行くと絶対詰む問題を解決に導いてくれ〜

えいえい
@DdqrhO

15分前
メニューを開く

返信先:@kennyaku_okkapa
おかっぱちゃん、おはようございます☀️ 95歳のウォーレン・バフェットも複利の効果で90代になってから資産の増加ペースがさらに加速しているので、ご両親も全然遅くはないと思います！ うちの親は70半ばですが、NISAでオルカンに積み立ててます！

かもねぎ@チリつも投資家
@a_leeky_duck

16分前
メニューを開く

返信先:@IdeIdezbzf
やっぱオルカン最強説...？ 自己投資をしても年収アップの保証もないですもんね。まぁオルカンも保証はないですが笑

キルア
@b8r7us

17分前
メニューを開く

おはようございます 今週の楽天証券 元本¥5,020,000⤴️ 時価¥8,884,348✨※iDeCoを除く 年初来 ＋19.92%⤴️ 職場でNISAを始める人が増えてきました 収入の1割を積立オルカンで勧めてます みんな笑顔で退職計画…進んでます🤫 来週も宜しくお願いします🙇‍♂️ pic.x.com/ATmjqAPKEA

nao@🇺🇸株カウンター投資家
@nao7hip

17分前
メニューを開く

気になった【まとめサイト】から！！ 【悲報】NISA民、『S&P500』『オルカン』『NASDAQ100』しか買わない rakuraku.grandjete.work/archives/58453… #自分用 #相互RSS #まとめサイト

YAS gj
@YASgj1

18分前
メニューを開く

返信先:@moocyandesu
NISA民の安心感がオルカンに集まってる感じしますね😌💹 まさに王道インデックスの時代って空気を感じます🔥

鉄の凡人
@tetsu_bonjin

18分前
メニューを開く

返信先:@tatsu_invest
オルカンやS&P500が安全資産に感じるのは投資経験が増えてきた証拠なんでしょうね！今後の更なる握力に繋がりますね☺️

アラン＠サイドFIRE挑戦中
@alain_life60

21分前
メニューを開く

6月からNISAで月10オルカン積み立ててるけど、余剰資金あるなら今年分使い切り設定したほういいのかな？？ #NISA #新NISA

nooomy
@nooomymy

21分前
メニューを開く

返信先:@alljon12
そりゃオルカンだけじゃ無理だよなぁ… pic.x.com/KBqSsImIQQ

nikkakarakara(⁎⁍̴̆Ɛ⁍̴̆⁎)@分配金
@nikkakarakara

21分前
メニューを開く

返信先:@orukanschd
オルカンは安定感最強です！

ケル(KR)｜投資×旅行 配当金で世界一周目指す
@manabi_kabu

22分前
メニューを開く

【悲報】NISA民、『S&P500』『オルカン』『NASDAQ100』しか買わない ift.tt/K3xILAV

投資ちゃんねる
@toushichannel11

23分前
メニューを開く

#FIRE自己紹介 いねシンです！今年孤独のグルメ歳オルカン＆日本株。営業介護教員計28年2024年3月退職。 ①目覚まし時計を気にせず朝寝坊、日本100名城巡り行きまくり、昼から飲んだくれ ②5時前に起きてXやってる、63城まで来た、何気にいろいろやることあって昼飲みしない ③みんなに聞きたいこと pic.x.com/7k4qgNFubV x.com/Hiro_HASYG/sta…

ひろ@サイドFIREのリアル
@Hiro_HASYG
8:00

第47回【広がれ！FIREのつながり】 明日の #FIRE自己紹介 のテーマ✨ ①FIREしたら楽しみにしてる事！３選 ②FIRE後その楽しみどうなった？（任意） ③みんなに聞きたいこと（任意） これらを含めて自己紹介してくださいね😊 👇自己紹介の参考👇

いねシン|脳と人生ほどく人×投資食旅
@inezosin101010

24分前
メニューを開く

返信先:@AllCountryWorld
時短勤務いですね〜 半日は自分時間最高ですね😆 私もオルカン積立投資しています よろしくお願いします

海乃ゆら｜積み立て介護士
@uminoyura7

26分前
メニューを開く

返信先:@karisumapapa23
全てをオルカンに捧げてますw

のんびり高配当株🌴
@Daytrao

26分前
メニューを開く

返信先:@WuFj2wP5p736172
ジュニアNISAから同じやり口でした！ オルカンとNASDAQ100を半分ずつ🤣

EURO(ユーロ)@子育てFIRE since 2025
@EUR_FIRE2025

27分前
メニューを開く

あくまでも僕の答えなので、オルカン、SP500でも全然OKですよ

かみがも@米国株🇺🇸ハイテク&超高配当
@kamigamo_trade

29分前
メニューを開く

返信先:@naoblogger
なおさん、おはようございます☺ オルカンは王道の投資先でしたね！

ひろひろ＠年100万貯めるプロ
@bonsark22

30分前
メニューを開く

オルカンで　寝て待つはずが　目が冴える #投資 #川柳 #投資川柳 #割安株 #株底アラート #日経平均 #底値 #反転

kabuzo
@kabuzo1

30分前
メニューを開く

全国3000万人のオルカンファンの皆様おはようございます！8時をお知らせします。

のんパパ@地方住み投資家
@nonpapa_toushi

30分前
メニューを開く

#FIRE自己紹介 今週も参加させて頂きます！ 尚弥です！ オルカンと個人向け国債変動10年でFIRE達成を目指しています😊 ① •平日にする旅行 •妻と平日ランチ •毎日のんびり朝の散歩 ② •まだFIREしてません ③ •続く x.com/hiro_hasyg/sta…

ひろ@サイドFIREのリアル
@Hiro_HASYG
8:00

第47回【広がれ！FIREのつながり】 明日の #FIRE自己紹介 のテーマ✨ ①FIREしたら楽しみにしてる事！３選 ②FIRE後その楽しみどうなった？（任意） ③みんなに聞きたいこと（任意） これらを含めて自己紹介してくださいね😊 👇自己紹介の参考👇

尚弥
@naogonia3420

31分前
メニューを開く

オルカン、S&P500のインデックスは甘えという精神と短期間でのパフォーマンスを求めて、個別株にトライしています。 今のところそっちの方がパフォーマンスは高いが、ダイパ含めるとどっちが良いのかは疑問😆 #株クラ #NISA #オルカン

ノンカラス_米国株テック、日本個別株
@d_leonmoo

32分前
メニューを開く

返信先:@minasek
このロゴ、めっちゃ良いですね！🌍 シンプルなのにグローバル感と投資の未来を感じさせてくれるデザイン。オルカン好きとしては特に刺さります😂 2026年のインデックス投資ナイト、ますます楽しみになってきました！ ありがとうございます、水瀬さん👏

ヨッシー｜平凡サラリーマン投資家
@okazusan1

32分前
メニューを開く

返信先:@Daytrao
そんなこと言われない🤣 言われたとしたら オルカンに貢ぎすぎww

かりすまぱぱ@ごはん投資釣り日常
@karisumapapa23

33分前

もっと見る

オルカンのポスト数グラフ

6時間
24時間
7日
30日

1,505件のポスト

ポスト数の推移

22:00
16:00
10:00
4:00
9:00

39件

感情の割合

ポジティブ
66%
ネガティブ

34%
トレンド
23:29更新
1

スポーツ

ベリンガム
ノルウェーイングランド
ベリンガムとハーランド
スリーライオンズ
2点目
追いついた
マドリー
ドルトムント
個の力
2

ノルウェー先制
シェルデルップ
イングランドから
シュート
3

ITビジネス

ノーゴール
ゴール取り消し
ファール
VAR
ファウル
コーナーキック
セットプレー
取り消された
プッシング
得点取り消し
ファール判定
イングランド寄り
取り消し
ファウルだった
マリーシア
押し倒した
ゴールキック
押してる
ブリカス
シュミレーション
プッシュ
4

ITビジネス

ノーファール
ファール
5

ノーファウル
6

セルロート
スルロット
ハーランドにパス
7

ITビジネス

ノルウェーvsイングランド
ノルウェーイングランド
ウーデゴール
ハーランドだけ
ハーランド以外
イングランド寄り
足止まってる
イングランドサポ
戦術ハーランド
オープンな展開
イングランド優勝
得点の匂い
PK戦まで
ボール支配率
バックパス
ノルウェー優勝
佐藤寿人
ええ試合
ついに逆転
倒れてた
ジャイアントキリング
8

ITビジネス

オフサイド
9

スポーツ

イングランド勝ち越し
イングランド逆転
べリンガム
2点目
オープンな展開
イングランド人
イングランド優勝
こぼれ球
得点の匂い
93分
勝ち越し
ついに逆転
さすがやな
リヴァプール
10

ニュース

ゴラッソ
シェルデルップ
ノルウェーイングランド
イングランドから
スーパーゴール
イングランド ノルウェー
ベンフィカ
シュート
ライブ配信中
個の力
ジャイアントキリング
リヴァプール
20位まで見る
人気ポスト
1年以上前経ってもこの写真の謎は解明出来なかった解析済みの方がいたら教えて欲しい
いいね数
4,604
←アカチャンホンポのママ達 トイザらスのサキュバス→
いいね数
569
俺が「めっちゃカメレオン」を買わなくてもいい理由これ
いいね数
3,556
ローソン様へ 一言よろしいでしょうか。 どうしてこの様な商品を置かれるのですか？これを開発された方はどちら様でしょうか？謝ってほしいです。 もう、ラーメン屋に行けないじゃないですか😋ご馳走様でした今月３回目 #スープ激うま特濃豚骨ラーメン #直火焼きバラチャーシュー #トッピング
いいね数
11,200
これが女児育児だ！
いいね数
19,413
誰だこれ書いた人wwwww
いいね数
1,965
ミセスのコメ欄、たまにめっちゃ面白い人いるから好きw
いいね数
3,329
自慢じゃないけど子供のこういうのでイライラしたことないわ。「熱くない？平気？着替えよう」って淡々と言う。この親がイライラして「誰が洗うと思ってんの？」とか言う方が異常に感じる。こういうイライラ体質の人と、イライラしない体質の人との間には、大きな大きな川がある気がした。
いいね数
3,884
池袋では連日排泄物が落ちていて騒ぎになっているわけだが、西日暮里では味のり
いいね数
3,534
ペットカメラを覗いたら、ｶｰﾁｬﾝにネコハラ中のねこが、寿司桶の中のちらし寿司のようにうちわで扇がれていた
いいね数
8,072
電車遅延（在来線、私鉄、地下鉄）
北海道
東北
関東
中部
近畿
中国
四国
九州

遅延している路線はありません

全国の運行情報（Yahoo!路線情報）
SNSのバズまとめ
0
ホロライブ夏コミケでモニタリングトーク開催、ファン熱狂「アツすぎる」

107件のポスト

0
「いぬいなみラジオ」開催でファン歓喜「やった！」と盛り上がり

54件のポスト

0
ストストが倉庫化！いらないものをぶち込む企画にファン大盛り上がり

420件のポスト

0
「横原悠毅」TVer配信で「ミッションです横原くん」開催、コーデ対決と高所恐怖症が話題に

172件のポスト

0
艦これ2026夏イベント『反撃！第三十一戦隊の戦い』が始まる、花月や桐の登場にファン歓喜

74件のポスト

0
ハイビスカスが今日の誕生花に！『繊細な美』と『新しい恋』の花言葉にみんなワクワク

106件のポスト

0
「ブルーイ」キャンプ回が感動的と話題に、子どもと泣いた視聴者続出

81件のポスト

0
「山口一郎」元気配信にファン「心臓バクバク」や「リラックスタイム」歓喜

30件のポスト

0
「ブラタモリ」安土城と近江八幡のまちづくり特集、視聴者は「懐かしい」「楽しみ」感が高まる

286件のポスト

0
SPARK 2026 渋谷納涼祭、メインステージで熱いライブが続き感謝の声が多数

843件のポスト

SNSのバズまとめ一覧

ミュートしたアカウントプライバシーポリシープライバシーセンター利用規約広告について検索サービス一覧ヘルプ・お問い合わせ

ランキング情報のAPI提供X（旧Twitter）データについて

Copyright (C) 2026 LY Corporation. All Rights Reserved.

4:00","あなたの防災偏差値は？　台風・豪雨に備えよう

Yahoo! JAPAN
ヘルプ
キーワード：
ミックジャガー

IDでもっと便利に新規取得

ログイン

超PayPay祭開催中、本日最大22％
ウェブ画像動画リアルタイムニュース
キーワードを消す
検索

ミュートしたアカウント

すべて
画像・動画
自動更新

並べ替え：
新着順

ベストポスト
メニューを開く

しかしこのように日本政治がめちゃくちゃになることは石破茂を降ろして高市をアゲた時点で十分予想可能だったわけで、その状況づくりに加担したA級戦犯である読売がいまさらこんな風に怒ってみせたところで「厚顔無恥ですねー」という感想しか出てこないな。何もかもが手遅れだよ。 x.com/k_kuramae/stat…

蔵前勝久（政治・政策アナリスト）
@k_kuramae
昨日 20:16

読売の凄まじい怒りは、やむところを知らない。本気で怒った場合はリベラルより保守の方が怖いと思えるほど、言葉が尖っている。 👉養子に生まれた男子が皇位継承資格を持つ規定が論点になった（略）。一部の党が「国民を 愚弄 ぐろう

津田大介
@tsuda

144
4,458
15,045
昨日 23:01
メニューを開く

返信先:@nikkansports
高市推しが止まらない 賞味期限切れ芸人

野良じじい
@mozart_kura

12秒前
メニューを開く

内閣広報官さんて 松下政経塾の頃から高市総理と知り合いなのかな？ そりゃあ庇いたくなるのが人情 正か悪かは別として… x.com/NEO111777/stat…

NEO2
@NEO111777
15分前

皆様方　大拡散案件来ました。 ゲンダイ記事引用します。内閣広報がポスト捏造疑惑です。 以下引用 しかし、本誌がシェルーテス氏に、「内閣広報官から本当に取材を受けたのか」と確認したところ、返ってきたのは驚きの回答だった。 x.com/WGhatori/statu…

リックん
@cocorowajiyuu

19秒前
メニューを開く

心からそう思うーー！ もう日本を貶めるな高市 x.com/bcbwpzpxko3806…

グヌグヌ
@BCBWpzpxkO38063
昨日 15:22

#めちゃくちゃな政治に抗議0710 あなたはが総理で恥ずかしい

ちべぱぐ NO WAR
@tibetpug

20秒前
メニューを開く

返信先:@takaichi_sanae
高市は安倍よりも外道。

あげだま@より良い世の中へ
@yononakanokoto2

25秒前
メニューを開く

返信先:@hibikana417
なぜ高市さんは、動かない。 自民党には票を国民がいれまい。

いつも晴天
@seitenharutyan

30秒前
メニューを開く

【一日一祈】 救う会の皆さんが 署名活動を続けてくださってます アドバイザーの島田先生も ポストで発信されています 高市総理 今、実行出来ることがあるはず 絶対に　諦めない‼️ 絶対に　取り戻す‼️ 今年必ず解決を‼️ #拉致被害者全員奪還 #特定失踪者全員奪還 #国の最重要課題

サト
@SapphireBlueSF

34秒前
メニューを開く

返信先:@JuJu01334794191
確かにもっともだ🇯🇵しかし今は高市を信じましょう🇯🇵

riki
@rikio_06

47秒前
メニューを開く

返信先:@ca970008f4
高市は安倍の志など継いでいない。 高市のペテンを見抜け。 gov-online.go.jp/prg/prg18405.h…

㈱ま( 元米国議会立法調査官ではありません。)
@HiroshiDesu2019

1分前
メニューを開く

「皇室典範」改正は言ってみれば「愛子さまには気を使わない」「麻生太郎には気を使った」改正案です。これ、だめでしょう。なので「高市やめろ」「高市やめろ」〃〃。

@nakanisi18
@nakanisi1859104

1分前
メニューを開く

麻生太郎も高市も、賢くはないからね。 皇室や皇統、日本の王権について勉強している感じでもないし。 x.com/naokoscalise/s…

Dr Naoko Hashimoto 橋本直子
@NaokoScalise
12:58

天皇制崩壊の始まりの引き金を率先して意図的に引いたのは、リベラルでなく、自称「保守」の自民党、特に麻生太郎氏や高市早苗氏とその取り巻きであるという史実は、後世にしっかり伝えていきたい。 そしてそれは一部の「極左」が望んできたことと呼応するという皮肉。 #皇室典範

壱調神雄
@tsutigumo1998

1分前
メニューを開く

もしかして高市も広報も大嘘付きの塊では？昔からそうじゃん。嘘を隠すためにさらなる嘘を上塗りする。 俺にも覚えがあるなぁ。ガキの頃に巨大合体ロボ欲しかったが金無いから買えなくて周りの友達に買ったよ、と吹聴。 x.com/momotro018/sta…

桃太郎＋
@momotro018
昨日 14:58

高市政権、不正により終了のおしらせ。 内閣広報官が「正式なフェローであったという言質を得た」と投稿。しかし本誌がシェルーテス氏に確認したところ『日本政府の代表者から連絡を受けたことは一度もありません』　公に奉仕すべき内閣広報官が総理個人のスキャンダル火消しで前代未聞の捏造。 x.com/gendai_biz/sta…

NEO2
@NEO111777

1分前
メニューを開く

色々本格的に高市と麻生がタッグを組み、一気に進めてるんですけど、ネトウヨと自称愛国保守はこれを望んでたので、軽蔑してる(元々軽蔑)のですが、その他の自民党支持者、今回自民党に入れた人はどう思っているのか聞きたい。 林邦正さんや石破さん、村上さんに救いを求めたのですか？

TORI(だまらないTORI)
@TreeSparrow_7

1分前
メニューを開く

返信先:@Sankei_news
戦後最悪の高市 日本をどん底にしてる

野良じじい
@mozart_kura

1分前
メニューを開く

たぶん、Xの中での 高市総理の支持率 マイナスかも？ 期待が、裏切られた 失望感は、すごい🥶 外国人も減るどころか増やすし 消費税ゼロも嘘。。。

じょんちゃん🇯🇵
@yamato_zheng

1分前
メニューを開く

もしかして高市も広報も大嘘付きの塊では？昔からそうじゃん。嘘を隠すためにさらなる嘘を上塗りする。 俺にも覚えがあるなぁ。ガキの頃に巨大合体ロボ欲しかったが金無いから買えなくて周りの友達に買ったよ、と吹聴。 x.com/momotro018/sta…

桃太郎＋
@momotro018
昨日 14:58

高市政権、不正により終了のおしらせ。 内閣広報官が「正式なフェローであったという言質を得た」と投稿。しかし本誌がシェルーテス氏に確認したところ『日本政府の代表者から連絡を受けたことは一度もありません』　公に奉仕すべき内閣広報官が総理個人のスキャンダル火消しで前代未聞の捏造。 x.com/gendai_biz/sta…

NEO2
@NEO111777

1分前
メニューを開く

返信先:@uXFH06QNYt68620他1人
【朝日の中でも極左論説委員高橋純子 左翼安田菜津紀 】➡ああそうなんですね。。。朝からもう戦闘ムード‼凄いですね。。。笑　高市総理も、右からも、左からも雑音が多くて大変ですよね！同情しか湧きませんけれど。。。笑

hananonok
@keikoitohanano

1分前
メニューを開く

返信先:@Junika2022他1人
高市を信じた人、何回だまされるですか、自民党に。いい加減気づいてもらわないと大変迷惑被ります。 企業団体献金に反対している唯一の党は、庶民の方を向いた政治はできません。消費税増税のたびに、法人税を9回下げてきた。社会保険料も高いのに恩恵やサービス上がらず。政治を監視しないとダメです

ゆりちゃん
@yuridacs

2分前
メニューを開く

返信先:@iku2388他1人
せめて退席すれば良かったのにね。村上氏のように。 それを口実に高市に息の根を止められるのを恐れたのでしょうね。その決断力のなさがだめなんだ。

cafe2026 feb
@efac2026

2分前
メニューを開く

反高市ではあるけど、こうはなりたくないなぁ x.com/SOWIETK/status…

なん速ニュース
@SOWIETK
昨日 11:29

【悲報】反高市デモに参加のお左翼さん、自民維新が憎すぎるあまり、自分の子供を政治利用してしまう 「私は小学生、中学生、高校生の3人の息子の3人の母でごく普通の市民です」 「15歳の息子がスマホで動画を見ながら""戦争になったら、俺は行くの？""って言ったんです」

ぴ〈 る す
@checheCheshire

2分前
メニューを開く

返信先:@moriai8
おはようございます。曇りです。 物価高は円安のせい、高市のせいですね。 ローリング・ストーンズ。よく続けてるなあ。

OKAMOTO
@corochin61

2分前
メニューを開く

今日も安定 よってたかって高市政権の批判 目がヤバイですよ、安田さん、高橋さん 今日は薮中さんまで😱 #サンモニ #偏向報道

🇯🇵日本を憂う猫🐈
@unichanpapa

2分前
メニューを開く

返信先:@hamusoku
どうせ、口だけで語るだけの 嘘つき総理だからね… 高市の言う事は聞き流しが一番

貧乏 暇有
@85525cf55ba94e9

2分前
メニューを開く

返信先:@katsumoku__
高市総理や片山大臣がGPIFに求めたり、国民民主が国民にダブついた国債買わそうとしたり、政治家とは思えない発想しますよね。

じぃ
@Shin20000311

2分前
メニューを開く

①平気でウソをつく、②どこまでも増税搾取してくる、③真実を語る者や不正を追及する者を排除する、ってもうこれ政治というよりカルトなんだよな 【衝撃】内閣広報官、高市総理の経歴疑惑で「捏造ポスト」を発信か…総理の「アメリカ人元上司」が明かした驚きの事実 gendai.media/articles/-/169…

とみ
@meow164

1
2分前
メニューを開く

返信先:@nhk_news
高市政権の新たな挑戦とは、民主主義への挑戦だろう。 高市首相の無知に基づいた間違った政策を実現しようと暴走する、高市”暴走族”政権。 高市政権の暴走で迷惑を被るのは国民だが、国民の多くもこの暴走族政権を支持しているため、最終的には自業自得になってしまうんだろうね。

blog_de_blog
@blog_de_blog

2分前
メニューを開く

返信先:@Izumi_Sunagawa
左翼って爆音で音を、流し、リズムの有る掛け声でぴょんぴょん踊るんだね　 高市やめろ‼️て、騒ぐ前に問題点を指摘して「自分は、どういう法令を作り対処するか」とかの先を見た、細かい説明をしなければ、白けるだけだ

円
@marunao60

3分前
メニューを開く

やっぱり高市はトランプ始め頭のおかしな奴が好きなんだな、だから平気で側に萩生田とか置くんだな

shiren
@michiyonow

3分前
メニューを開く

返信先:@i_love_reiwa
ささみのことが好きか嫌いか感性は自由。俺氏高市嫌いな人が嫌いだからあなたのこと嫌い。

サラリーマン投資家
@SP500_tawatoshi

3分前
メニューを開く

なお、テスタ殿のセッションも配信されるとのこと🖐️ 高市総理のビデオ登壇も見れたら嬉しいんでござるが、配信してくれませんかのう🤔 pic.x.com/MY4ERN2usI

メタプラ侍⚔️メタプラネット応援隊長🫡兼ビットコイン応援隊長⚔️時々ダースサムライ👹
@Metaplazamurai

1
3分前
メニューを開く

返信先:@mainichi
国民の生活よりも国旗や個人情報や皇室典範を優先させるクズオバハンな高市。

GHIDORA_19
@19Ghidora

3分前
メニューを開く

返信先:@binbou415
高市、朝鮮飲み、バレバレ 高市、朝鮮飲み、バレバレ 高市、朝鮮飲み、バレバレ 高市、朝鮮飲み、バレバレ 高市、朝鮮飲み、バレバレ 高市、朝鮮飲み、バレバレ 高市、朝鮮飲み、バレバレ 高市、朝鮮飲み、バレバレ 高市、朝鮮飲み、バレバレ 高市、朝鮮飲み、バレバレ 高市、朝鮮飲み、バレバレ

カトウ・イクオ
@nishinikaimon

3分前
メニューを開く

返信先:@takaichi_sanae
高市総理にはがっかりです。 x.com/yutabon_youtub…

冒険家ゆたぼん(17)@覚醒モード
@yutabon_youtube
8:52

僕もこれを聞いて高市総理に期待しました。総理になってからゼロベースで考える事なく、移民政策を続ける高市総理にはガッカリです。 x.com/saitama_5992/s…

正直爺さん
@jisan_syojiki

3分前
メニューを開く

返信先:@taroinagaki025
日本を守ろうとする保守政治家はマスコミから攻撃され、屈さなければハニトラで左翼にされ、ハニトラも通じなければ最期は殺されるのか。安倍さん、中川さんのように。 高市総理はそろそろハニトラに気をつけた方がいい。

ドカベン太郎(猛暑嫌い)
@MeikunTaro

3分前
メニューを開く

日本国民の皆さん、高市支持も自民党支持もゼロベースで考え直しましょう。 x.com/yatowaresabu/s…

雇われ院長🟠反グローバリズム
@yatowaresabu
15:33

全国民も彼女の事をいったんゼロベースで考え直した方が良いと思います #秩序ある共生 #高市早苗

さくら526
@MyI391v

3分前
メニューを開く

サンモニいつもの反高市の偏向報道でキモい。村上、石破、岩屋こいつら皆自民党内のリベラル派やん！

みみ
@aki_mimi_

3分前
メニューを開く

返信先:@baronpiyo他2人
高市と同じ

早撃ち💉💉💉💉
@1x6hiradai1

3分前
メニューを開く

返信先:@tbsnewsdig
小物も大事だが、疑惑オンパレード高市は調べないのか？！経歴詐称詐称で総理になれる愚かな国、国民で良いのか？その他、選挙違反や金融庁違反、パーティー券寄附の問題等などあり過ぎを見過ごして良いのか？

yIo
@yIo21633350

4分前
メニューを開く

返信先:@Orange_SunsetJP
学生時代の恩師を呼び捨てにする奴はいない。 高市は屑中の屑 トップオブ屑だ

勝彦
@jaQQhWsfcu9470

4分前
メニューを開く

国会議員は政治が仕事。国のことを考えて、お金を手にしている。しかし国民は？無償です。 時間は金に等しい。貴重な時間を高市政権に奪われ続け、事業の収益の損失に繋がっている。では監視をやめれば良いか？否。監視しなければ日本は沈む。高市政権による国民を貧しくする構造がここにも生じている

sakusaku
@sakusaku1038900

4分前
メニューを開く

返信先:@4RygOC0vJEwjTpl
自民党に投票した者は高市による国民虐待に加担したも同然。日本にとっては逆賊である。

お遍路旅路
@stonemoney21

4分前

もっと見る

高市のポスト数グラフ

6時間
24時間
7日
30日

10,799件のポスト

ポスト数の推移

22:00
16:00
10:00
4:00
23:15

176件

感情の割合

ポジティブ
9%
ネガティブ

91%
トレンド
23:29更新
1

スポーツ

ベリンガム
ノルウェーイングランド
ベリンガムとハーランド
スリーライオンズ
2点目
追いついた
マドリー
ドルトムント
個の力
2

ノルウェー先制
シェルデルップ
イングランドから
シュート
3

ITビジネス

ノーゴール
ゴール取り消し
ファール
VAR
ファウル
コーナーキック
セットプレー
取り消された
プッシング
得点取り消し
ファール判定
イングランド寄り
取り消し
ファウルだった
マリーシア
押し倒した
ゴールキック
押してる
ブリカス
シュミレーション
プッシュ
4

ITビジネス

ノーファール
ファール
5

ノーファウル
6

セルロート
スルロット
ハーランドにパス
7

ITビジネス

ノルウェーvsイングランド
ノルウェーイングランド
ウーデゴール
ハーランドだけ
ハーランド以外
イングランド寄り
足止まってる
イングランドサポ
戦術ハーランド
オープンな展開
イングランド優勝
得点の匂い
PK戦まで
ボール支配率
バックパス
ノルウェー優勝
佐藤寿人
ええ試合
ついに逆転
倒れてた
ジャイアントキリング
8

ITビジネス

オフサイド
9

スポーツ

イングランド勝ち越し
イングランド逆転
べリンガム
2点目
オープンな展開
イングランド人
イングランド優勝
こぼれ球
得点の匂い
93分
勝ち越し
ついに逆転
さすがやな
リヴァプール
10

ニュース

ゴラッソ
シェルデルップ
ノルウェーイングランド
イングランドから
スーパーゴール
イングランド ノルウェー
ベンフィカ
シュート
ライブ配信中
個の力
ジャイアントキリング
リヴァプール
20位まで見る
人気ポスト
1年以上前経ってもこの写真の謎は解明出来なかった解析済みの方がいたら教えて欲しい
いいね数
4,604
←アカチャンホンポのママ達 トイザらスのサキュバス→
いいね数
569
俺が「めっちゃカメレオン」を買わなくてもいい理由これ
いいね数
3,556
ローソン様へ 一言よろしいでしょうか。 どうしてこの様な商品を置かれるのですか？これを開発された方はどちら様でしょうか？謝ってほしいです。 もう、ラーメン屋に行けないじゃないですか😋ご馳走様でした今月３回目 #スープ激うま特濃豚骨ラーメン #直火焼きバラチャーシュー #トッピング
いいね数
11,200
これが女児育児だ！
いいね数
19,413
誰だこれ書いた人wwwww
いいね数
1,965
ミセスのコメ欄、たまにめっちゃ面白い人いるから好きw
いいね数
3,329
自慢じゃないけど子供のこういうのでイライラしたことないわ。「熱くない？平気？着替えよう」って淡々と言う。この親がイライラして「誰が洗うと思ってんの？」とか言う方が異常に感じる。こういうイライラ体質の人と、イライラしない体質の人との間には、大きな大きな川がある気がした。
いいね数
3,884
池袋では連日排泄物が落ちていて騒ぎになっているわけだが、西日暮里では味のり
いいね数
3,534
ペットカメラを覗いたら、ｶｰﾁｬﾝにネコハラ中のねこが、寿司桶の中のちらし寿司のようにうちわで扇がれていた
いいね数
8,072
電車遅延（在来線、私鉄、地下鉄）
北海道
東北
関東
中部
近畿
中国
四国
九州

遅延している路線はありません

全国の運行情報（Yahoo!路線情報）
SNSのバズまとめ
0
IMP.『できませんは言いません』が深夜に開幕、プールサイドコーデ対決に期待の声続出

158件のポスト

0:28
リチャードの不振に対し、一部ファンから代打泉口への交代要請がSNSで広がる

742件のポスト

0:26
莉犬くんが歌う『むしがむり』が配信、ファンは「可愛いすぎ」や「まさかの選曲」に歓喜

103件のポスト

0
鈴木このみ、アニサマ2026 DAY2で感動メドレー披露　ファンは「最高」「やっぱり鈴木このみ」

434件のポスト

1:00
アンリミット、ALGS世界大会で初優勝　ファンは「やばすぎる」と歓喜

273件のポスト

1:29
Sentinels、ALGS EWC 2026決勝でチャンピオン獲得に歓喜「強すぎやろ」ファン熱狂

29件のポスト

0
小倉唯、アニサマ2026で『Future Strike』と『Baby Sweet Berry Love』を熱唱　会場は感動と歓声で沸く

48件のポスト

0
大橋和也、北海道初日ライブで圧巻のダンス披露にファン歓喜「凄すぎる」

138件のポスト

0:27
オライリー、イングランド代表のサイドバックで奮闘　W杯準々決勝での活躍が話題に

412件のポスト

0
斎藤明日斗六段、心拍数170超えでABEMA地域トーナメント勝利にファン歓喜

51件のポスト

SNSのバズまとめ一覧

ミュートしたアカウントプライバシーポリシープライバシーセンター利用規約広告について検索サービス一覧ヘルプ・お問い合わせ

ランキング情報のAPI提供X（旧Twitter）データについて

Copyright (C) 2026 LY Corporation. All Rights Reserved.

4:00","LINEヤフー基金20年の歩みとこれから

Yahoo! JAPAN
ヘルプ
キーワード：
ミックジャガー

IDでもっと便利に新規取得

ログイン

超PayPay祭開催中、本日最大22％
ウェブ画像動画リアルタイムニュース
キーワードを消す
検索

ミュートしたアカウント

すべて
画像・動画
自動更新

並べ替え：
新着順

ベストポスト
メニューを開く

【御礼】 昨日はらくごカフェ「馬生集成に挑む8」にお運び頂きありがとうございました。 道半ばですが、最後まで必ずやり遂げます。 写真は2010年の圓朝まつり 弥助時代の龍玉師匠と弟子入り前の私 ありがとうございました！ pic.x.com/Shztuu0QaW

金原亭馬好
@kingenteibakyu

1
11
47
21:57
メニューを開く

なお象に従四位という貴族位を与えたかどうかは後世の創作の可能性もあるため難しいようだ。弥助貴族説も似たような発想の可能性はある。 仮に象と同じような扱いに弥助がなったとしても信長は武士として当然のように軍事用途は検討するし、仮に見世物にするにしてもそれは民間に払い下げた上になる。

Saizwong/жунжи
@junji_trans

17秒前
メニューを開く

弥助見世物論は直接的な実行できた史料根拠はなく想像しかない。一応どのように人がその場合動いたかは江戸時代の象の話を参考にできるかもしれないが、その場合でも以下のような問題がある。 ・幕府は見世物とせず軍事用途も検討。 ・見世物になったのは民間に払い下げてから。 ・人はすぐに飽きた。

Saizwong/жунжи
@junji_trans

7分前
メニューを開く

返信先:@asami_sis03
弥助の件で、ゲームがプロパガンダにも利用出来ることがわかった。相手は何でも利用する。実際にやる。 おかしな金額を入れて、おかしな人間を集めて、おかしなゲームを制作しただろ？wokeと言われる不細工な汚物。 あの資金の調達から実際どこまで使われ、裏にどれだけ資金が流れたのか。

CafeZgok
@CafeZgok

17分前
メニューを開く

返信先:@asami_sis03
本当に昔のゲームような環境を望むなら、はじめからそれを約束し守り続けるような企業が新しく出てこないと無理だよ。 任天堂だってわからない。大きくなればなるほど、おかしな勢力に乗っ取られる。現実社会なんだよ。企業は。時代と共に変化する。 ゲーム業界は狙われてた。弥助の件で表面化した。

CafeZgok
@CafeZgok

22分前
メニューを開く

返信先:@lxing196009他2人
弥助が家臣になったり、信長の愛人とか哀れな妄想だよ。ただの荷物持ち。力はあったそうだからね。主従関係にすらなってないよ。まあペットというとあれだけど持ってたらみんなが珍しいって寄ってくるでしょ？そういう存在でのお気に入り。

ひら
@hshr2017

21:43
メニューを開く

うわぁ　弥助クリードを生み出したUBIソフトがBLACK FLAGのリメイク出してるよ… 欲しい…　いやだ…

火戸兄
@abs451403886990

18:31
メニューを開く

返信先:@Daishi_hundred
弥助で有名なあの人も関わっていたはず okinawatimes.co.jp/articles/-/243… okinawatimes.co.jp/articles/-/248…

rina
@RinaNaichin

17:05
メニューを開く

弥助　利三　頼光 利家　道満　義龍 頼光　義元　女天狗 弁慶　利家　孫一 利三　忠勝　藤吉郎

おはぎもち
@O_HAGI_MOCHI

15:36
メニューを開く

シャドウズの戦闘はなんか爽快感はなかったんだよなぁ。奈緒江の短刀がギリギリ爽快感なくもないかなって感じで。弥助は動きが豪快なだけでいっぱい斬りまくらないといけないの面倒だったな。あと操作が複雑でプレイする度に操作方法思い出すの大変だったのも原因かもしれない。

raki
@rakiwasing

14:52
メニューを開く

アサクリって楽しい！弥助さえいなければなぁ

SSN_あざまる
@azamaru_suisann

14:50
メニューを開く

返信先:@chihaya0425
信長の部下の弥助だけで十分ですって アフリカ系は…

無死満塁
@ToBeUnemployed

14:31
メニューを開く

弥助と初めて会った時の織田信長と同じ感想言ってて草。もちろん信長とzekさんは全く違う意図で言っているのだろうけど。信長は純粋な好奇心だった。 x.com/nflf_liberal/s…

NFLF / 新生自由解放戦線
@NFLF_Liberal
昨日 14:12

#ネトウヨやらかし大賞2026 人種差別だ～ x.com/zek48829163/st…

5円ガム
@Tu8I6JLiIT59865

14:23
メニューを開く

返信先:@koyamat1025
弥助で特等席から見学。

元精肉鮮魚店
@knWNELD9qiZFmJt

14:11
メニューを開く

『うそつきの娘 妖怪の子預かります 2 (創元推理文庫)』の感想 うぶめの手伝いとして妖怪の子を預かるようになった弥助。妖怪の子が姿を消す事件に巻き込まれる。 今回は胸が痛くなる事が多くて辛かった…愛や恋を知って弥助も成長したかな？ #ブクログ booklog.jp/users/9f732a1c…

まき
@saku_aya_MAKI

13:43
メニューを開く

浴衣です！メロついてくれ！めちゃくちゃ可愛いぞ！とってもとーっても！褒めて！ ぼくは弥助(21)の投稿動画を楽しみましょう！#TikTok vt.tiktok.com/ZSX8tYjct/

松本弥助【19Si】
@Yasuke_19Si

1
1
12:55
メニューを開く

晩御飯は居酒屋さん🍶 日本酒はやっぱり宮城のお酒で❤️ 「日高見弥助」 名前にインパクト✨ 一升瓶ではついでくれなかったけど、すっきり飲みやすくてフルーティーでおいしかった♪ 食事と一緒もおいしいけど、食前酒でも良さそう😋 平孝酒造 hirakoushuzou.jp/service #羽生結弦 pic.x.com/ciZpht22FF

さーちゃん⭐️Sa-chan⭐️
@yuzu_4A_dream

12:53
メニューを開く

では、かっこいい推しを見て見てする！ 弥助なはるさん！！！アクスタは買わないつもりが実物見て即決した！とても映える！！！かっこいいからです！！！(不注意で槍を折ってしまいそうなのがドキドキポイント)(お手紙書いたので読んでください) #小倉城武将隊 #はる #弥助 pic.x.com/mrZe93hE6M

及沙chikasa
@chikasa0714

2
6
12:33
メニューを開く

前に行った時閉店してのでリベンジ！ 羽後町の弥助 その後、道の駅さ💨 ズッキーいだ🤣 pic.x.com/Br9HYV6gLh

かんず
@kanzujackies

12:17
メニューを開く

返信先:@tnsyoharyo5121
てんちょさん(弥助)は逃がしてもらえるんだよね？

ユウジ
@yuyamasanuki

12:17
メニューを開く

#黒い肌のサムライ #吉川永青さん #読書記録 #集英社 歴史の因果で出会った二人。 主従関係でありながら同志の如き関係も。 新たな信長像が、異国人の弥助を通して語られるこの作品、とても興味深くじっくり読み楽しい時間でした。 明日の「#豊臣兄弟」本能寺の変 また楽しみに。 pic.x.com/anOlRkVKA1

このメディアは、センシティブな内容を含んでいる可能性があるため表示されません。表示する

りゅうと
@Icecoffee0415

12:00
メニューを開く

返信先:@cyberzerosystem
バリカタ麺好きなら小太郎(ぜひラーメンもセットで) 甘じょっぱいつゆ重視なら松屋 そば粉も西馬音内産＆でっかいかき揚げのある彦三 道の駅のそばのルーツ 弥助 他にもありますけど、平日ならわりとどこも開いてますよ🥳ぜひ！ 西馬音内、冷やかけそばめぐり ｜ なんも大学 share.google/PAHdihfwRn9vpm…

ちゃき
@chaki_kirigakre

11:40
メニューを開く

アサクリやっぱりええな 弥助とか萎えてやらなかったけど、今回のはあり

ポメ
@pomepome11956

11:25
メニューを開く

思い出したことから書いていくと、今回、足軽さんたちに台詞がたくさんあって、はるさんの弥助は面倒見が良くて素敵で、るのちゃんの足軽隊長はなんか寡黙なのがかっこよくて、中尾くんの源太は一所懸命で応援したくなって、さらに殿との絡みも良かった。細川家というチームって感じが好きです。

及沙chikasa
@chikasa0714

1
1
1
11:15
メニューを開く

返信先:@mini10032
弥助騒動のおかげで過去作の時代考証とかどうなのですかね・・・・・ タマヒュンしますよね笑 絵柄が可愛いのにFPSなのですね笑 イスカさんが面白いと言うことは面白そうᕦ(ò_óˇ)ᕤ

きょう@( ⁼̴̶̤̀ω⁼̴̶̤́ )
@saigyou1582

10:23
メニューを開く

返信先:@mini10032
騒動がエグかったですよねw 弥助フィーバーwww 海のやつです٩(^‿^)۶

きょう@( ⁼̴̶̤̀ω⁼̴̶̤́ )
@saigyou1582

10:16
メニューを開く

弥助シミュレーター x.com/ogin_silver/st…

OGIN.
@ogin_silver
7月9日(木) 14:18

さすがに雑すぎでは #SAOEoA

SION@まみや鯖
@SION_Gifu

9:50
メニューを開く

返信先:@nwknews
アサクリの弥助と、日本大学准教授のトーマス・ロックリー氏の嘘著書。

アルまげ🇯🇵
@arumage72

9:08
メニューを開く

足の話、左近との戦いのところでもっかいしてほしかったなあ。 （してたかな？記憶が曖昧） 位が違うけど、三人の絆があってさ。 権六は弥助を可愛がって、弥助は源太を可愛がってる空気がよかった。 大事な物語の語り部（進行役）だったなあ。 #小倉城武将隊 #小倉城ものがたり

鳩ヶ谷せつこ
@sextuko

8:51
メニューを開く

足軽三人衆 めっっちゃ好きでした。テンポ感もさることながら、源太を権六、弥助で支える巧さ、すごさ。 弥助の、「役割が変わるだけ」の話をさらっとしちゃうのがすごい。さらっとしてるのに心に残るのは流石。 殿は関ヶ原のあとの論功行賞で石高あげてくれな #小倉城武将隊 #小倉城ものがたり

鳩ヶ谷せつこ
@sextuko

8:48
メニューを開く

日本には黒色人種の弥助天皇もいた

王の踊り
@PharaohsDance08

8:28
メニューを開く

戦国無双5の本能寺ざっくり 光秀「もしや信長は自分にヘイトを溜めらせ討たれることを望んでるのでは⋯敵は本能寺にあり！」 信長「是非もなし」 みつき「喧嘩やめて！」 三太夫「俺、武士大嫌い。信長にも幻滅。ついでに寺も燃やす」 弥助「信忠様、いつの間にか亡くなってました」

白兎マーストン・サンダー
@SRQNXfPpxCBy

8:09
メニューを開く

@isanakaiyu_info 弥助、自分は頑丈だという自負があるから少しくらいの不調は気のせいって思ってそうだな〜……と思ったり

はなまる
@maru2l69

8:01
メニューを開く

古生物学屋とか地質屋までいくと「ヒトの血統なんて個体差だから弥助が黒人で天皇でもなんでもいいじゃんwwww」とか言い出すのでダメ。

春原晴 (ぴーたんの棚卸し)
@pidan_inventory

7:50
メニューを開く

ジャニーズ問題　松本さん国分さん中居さんへの仕打ち 弥助騒動　 マンガアニメへのフェミニストや海外からの攻撃 全部ポリコレヤクザを内部に引き入れるためと考えたら納得が行く ディズニーのように海外エンタメがポリコレに牛耳られたのと同じ流れが日本にも来ている

SA🇯🇵
@SA30094669

1
24
90
7:27
メニューを開く

本能寺で自分が燃えたあと遺骨と首が見つかってしまうのが嫌だったノッブは大好きな家臣の弥助(黒人の宣教師)にお願いして首を切ってもらってその首と体を弥助に預かって貰うことにしてミツヒデにクビをとられるのを防いだって話もある だから本能寺にはノッブの遺体がなかった

村雨
@myumyumyuhina

6:43
メニューを開く

ちょっと息抜きにアサクリ弥助する

惰眠猫
@inemuri50cat

6:08
メニューを開く

刀ステの弥助みたいな人を使って、二役にしないとハイパーさんを舞台で出すのは、物理的に難しいですよね。その前に新木さんを3人に増やさないといけない、かもだし…。

棗（なつめ）
@natumeinzkk101

5:01
メニューを開く

返信先:@nukaga2687
弥助やないかーい こういうウケ狙いキャラを使うプレイヤーがめちゃくちゃ上手かったりして感心するやらおもろいやら😊 TFDも変態みたいなキャラの人がランキング上位だったりするんだ…

コーナーゲーム改め「早漏のフリーチン勇者ゲヒンメル」・89
@s5vFCzhCXqkgisb

4:43
メニューを開く

返信先:@s5vFCzhCXqkgisb
黒すぎるw これがあの弥助ですか!?

額賀(ぬっさん)@雑多垢
@nukaga2687

4:33

もっと見る

弥助のポスト数グラフ

6時間
24時間
7日
30日

50件のポスト

ポスト数の推移

22:00
16:00
10:00
4:00
4:15

3件

感情の割合

ポジティブ
50%
ネガティブ

50%
トレンド
23:30更新
1

スポーツ

ベリンガム
ノルウェーイングランド
ベリンガムとハーランド
スリーライオンズ
2点目
追いついた
マドリー
ドルトムント
個の力
2

ノルウェー先制
シェルデルップ
イングランドから
シュート
3

ITビジネス

ノーゴール
ゴール取り消し
ファール
VAR
ファウル
コーナーキック
セットプレー
取り消された
プッシング
得点取り消し
ファール判定
イングランド寄り
取り消し
ファウルだった
マリーシア
押し倒した
ゴールキック
押してる
ブリカス
シュミレーション
プッシュ
4

ITビジネス

ノーファール
ファール
5

ノーファウル
6

セルロート
スルロット
ハーランドにパス
7

ITビジネス

ノルウェーvsイングランド
ノルウェーイングランド
ウーデゴール
ハーランドだけ
ハーランド以外
イングランド寄り
足止まってる
イングランドサポ
戦術ハーランド
オープンな展開
イングランド優勝
得点の匂い
PK戦まで
ボール支配率
バックパス
ノルウェー優勝
佐藤寿人
ええ試合
ついに逆転
倒れてた
ジャイアントキリング
8

ITビジネス

オフサイド
9

スポーツ

イングランド勝ち越し
イングランド逆転
べリンガム
2点目
オープンな展開
イングランド人
イングランド優勝
こぼれ球
得点の匂い
93分
勝ち越し
ついに逆転
さすがやな
リヴァプール
10

ニュース

ゴラッソ
シェルデルップ
ノルウェーイングランド
イングランドから
スーパーゴール
イングランド ノルウェー
ベンフィカ
シュート
ライブ配信中
個の力
ジャイアントキリング
リヴァプール
20位まで見る
人気ポスト
1年以上前経ってもこの写真の謎は解明出来なかった解析済みの方がいたら教えて欲しい
いいね数
4,604
←アカチャンホンポのママ達 トイザらスのサキュバス→
いいね数
569
俺が「めっちゃカメレオン」を買わなくてもいい理由これ
いいね数
3,556
ローソン様へ 一言よろしいでしょうか。 どうしてこの様な商品を置かれるのですか？これを開発された方はどちら様でしょうか？謝ってほしいです。 もう、ラーメン屋に行けないじゃないですか😋ご馳走様でした今月３回目 #スープ激うま特濃豚骨ラーメン #直火焼きバラチャーシュー #トッピング
いいね数
11,200
これが女児育児だ！
いいね数
19,413
誰だこれ書いた人wwwww
いいね数
1,965
ミセスのコメ欄、たまにめっちゃ面白い人いるから好きw
いいね数
3,329
自慢じゃないけど子供のこういうのでイライラしたことないわ。「熱くない？平気？着替えよう」って淡々と言う。この親がイライラして「誰が洗うと思ってんの？」とか言う方が異常に感じる。こういうイライラ体質の人と、イライラしない体質の人との間には、大きな大きな川がある気がした。
いいね数
3,884
池袋では連日排泄物が落ちていて騒ぎになっているわけだが、西日暮里では味のり
いいね数
3,534
ペットカメラを覗いたら、ｶｰﾁｬﾝにネコハラ中のねこが、寿司桶の中のちらし寿司のようにうちわで扇がれていた
いいね数
8,072
電車遅延（在来線、私鉄、地下鉄）
北海道
東北
関東
中部
近畿
中国
四国
九州

遅延している路線はありません

全国の運行情報（Yahoo!路線情報）
SNSのバズまとめ
0
「ラッコ先生」音痴や絵が苦手といった“ギャップ”が続々公開、ファンは「可愛い」と歓喜

501件のポスト

ミッフィーちゃん、オードリー×ハライチラジオで感謝のアディオスが話題に

71件のポスト

0
シャルル・デ・ケテラーレ、ヘディングで同点ゴール　スペイン無失点記録止む

1,085件のポスト

0
イングランド代表、ノルウェー戦でベリンガム同点弾！メキシコ戦の疲労が話題に

39件のポスト

0
スペイン代表、無失点記録が破られ同点に！ベルギーのデケテラーレがヘディングで逆転劇

647件のポスト

2:17
「ラウール」神曲称賛で「おいシャン」カバー期待、ファンが歓喜の声

30件のポスト

1:37
ノルウェー代表、シェルデルップのゴラッソで先制！ファンは「やばい」熱狂

611件のポスト

0
「SPARK2026 渋谷納涼祭」開催、ファンが「最高」「楽しかった」と歓喜

1,889件のポスト

0
「天幕のジャードゥーガル」第3幕が無料配信開始、ファン歓喜の声続出

1,154件のポスト

0
ノルウェー代表、先制ゴールで1-0リード　ファンは「ノルウェー先制！！」と歓喜、SNSで大盛り上がり

2,650件のポスト

SNSのバズまとめ一覧

ミュートしたアカウントプライバシーポリシープライバシーセンター利用規約広告について検索サービス一覧ヘルプ・お問い合わせ

ランキング情報のAPI提供X（旧Twitter）データについて

Copyright (C) 2026 LY Corporation. All Rights Reserved.

4:00"
